transaction_id,transaction_date,description,amount,currency,transaction_type,reference,bank_status
TXN-5001,2025-08-13,RTGS DATASPHERE SOLUTIONS PVT LTD,137877.14,INR,CREDIT,REF-5001,COMPLETED
TXN-5002,2026-05-07,NEFT DATASPHERE SOLUTIONS PVT LTD,295451.01,INR,CREDIT,REF-5002,COMPLETED
TXN-5003,2025-11-20,BANK TRANSFER DATASPHERE SOLUTIONS PVT LTD,252924.97,INR,CREDIT,REF-5003,COMPLETED
TXN-5004,2026-05-07,IMPS METRO LOGISTICS PVT LTD,110610.09,INR,CREDIT,REF-5004,COMPLETED
TXN-5005,2025-10-21,RTGS CLOUDNOVA TECHNOLOGIES PVT LTD,211595.89,INR,CREDIT,REF-5005,COMPLETED
TXN-5006,2026-01-20,IMPS METRO LOGISTICS PVT LTD,46826.55,INR,CREDIT,REF-5006,COMPLETED
TXN-5007,2026-06-06,BANK TRANSFER TECHBRIDGE SYSTEMS PVT LTD,403660.57,INR,CREDIT,REF-5007,COMPLETED
TXN-5008,2026-02-10,IMPS DATASPHERE SOLUTIONS PVT LTD,276244.3,INR,CREDIT,REF-5008,COMPLETED
TXN-5009,2025-11-07,IMPS URBANOFFICE PVT LTD,35242.8,INR,CREDIT,REF-5009,COMPLETED
TXN-5010,2025-11-28,IMPS DATASPHERE SOLUTIONS PVT LTD,190373.05,INR,CREDIT,REF-5010,COMPLETED
TXN-5011,2026-02-06,NEFT OFFICEKART INDIA PVT LTD,105148.76,INR,CREDIT,REF-5011,COMPLETED
TXN-5012,2026-06-22,RTGS URBANOFFICE PVT LTD,267302.87,INR,CREDIT,REF-5012,COMPLETED
TXN-5013,2026-02-11,RTGS BRIGHTDESK SOLUTIONS,494766.91,INR,CREDIT,REF-5013,COMPLETED
TXN-5014,2025-08-29,UPI TECHBRIDGE SYSTEMS PVT LTD,410990.4,INR,CREDIT,REF-5014,COMPLETED
TXN-5015,2025-09-03,IMPS GREENLEAF SUPPLIES LTD,456611.49,INR,CREDIT,REF-5015,COMPLETED
TXN-5016,2026-04-13,RTGS METRO LOGISTICS PVT LTD,442399.24,INR,CREDIT,REF-5016,COMPLETED
TXN-5017,2025-10-11,IMPS GREENLEAF SUPPLIES LTD,372622.0,INR,CREDIT,REF-5017,COMPLETED
TXN-5018,2026-03-08,RTGS URBANOFFICE PVT LTD,200000.55,INR,CREDIT,REF-5018,COMPLETED
TXN-5019,2026-04-10,RTGS APEX CONSULTING GROUP,378013.19,INR,CREDIT,REF-5019,COMPLETED
TXN-5020,2026-03-05,BANK TRANSFER OFFICEKART INDIA PVT LTD,32232.09,INR,CREDIT,REF-5020,COMPLETED
TXN-5021,2026-04-28,NEFT BRIGHTDESK SOLUTIONS,485553.65,INR,CREDIT,REF-5021,COMPLETED
TXN-5022,2025-12-15,UPI APEX CONSULTING GROUP,170417.65,INR,CREDIT,REF-5022,COMPLETED
TXN-5023,2026-03-21,BANK TRANSFER OFFICEKART INDIA PVT LTD,476931.06,INR,CREDIT,REF-5023,COMPLETED
TXN-5024,2026-04-17,BANK TRANSFER OFFICEKART INDIA PVT LTD,435324.03,INR,CREDIT,REF-5024,COMPLETED
TXN-5025,2025-11-10,BANK TRANSFER URBANOFFICE PVT LTD,187269.97,INR,CREDIT,REF-5025,COMPLETED
TXN-5026,2025-08-01,NEFT APEX CONSULTING GROUP,162415.95,INR,CREDIT,REF-5026,COMPLETED
TXN-5027,2026-01-05,NEFT TECHBRIDGE SYSTEMS PVT LTD,29433.62,INR,CREDIT,REF-5027,COMPLETED
TXN-5028,2026-04-06,RTGS DATASPHERE SOLUTIONS PVT LTD,489003.25,INR,CREDIT,REF-5028,COMPLETED
TXN-5029,2026-04-01,BANK TRANSFER OFFICEKART INDIA PVT LTD,82980.92,INR,CREDIT,REF-5029,COMPLETED
TXN-5030,2025-11-17,IMPS SECURENET SERVICES LTD,377754.97,INR,CREDIT,REF-5030,COMPLETED
TXN-5031,2026-02-08,NEFT SECURENET SERVICES LTD,449857.24,INR,CREDIT,REF-5031,COMPLETED
TXN-5032,2025-11-24,BANK TRANSFER METRO LOGISTICS PVT LTD,169373.74,INR,CREDIT,REF-5032,COMPLETED
TXN-5033,2026-05-29,RTGS METRO LOGISTICS PVT LTD,4091.82,INR,CREDIT,REF-5033,COMPLETED
TXN-5034,2025-08-17,IMPS DATASPHERE SOLUTIONS PVT LTD,35893.25,INR,CREDIT,REF-5034,COMPLETED
TXN-5035,2025-11-18,BANK TRANSFER BRIGHTDESK SOLUTIONS,66589.77,INR,CREDIT,REF-5035,COMPLETED
TXN-5036,2025-12-03,NEFT BRIGHTDESK SOLUTIONS,403844.75,INR,CREDIT,REF-5036,COMPLETED
TXN-5037,2026-03-09,NEFT DATASPHERE SOLUTIONS PVT LTD,212077.52,INR,CREDIT,REF-5037,COMPLETED
TXN-5038,2025-09-01,RTGS DATASPHERE SOLUTIONS PVT LTD,364242.69,INR,CREDIT,REF-5038,COMPLETED
TXN-5039,2025-11-06,RTGS METRO LOGISTICS PVT LTD,224582.47,INR,CREDIT,REF-5039,COMPLETED
TXN-5040,2026-03-25,UPI GREENLEAF SUPPLIES LTD,437305.73,INR,CREDIT,REF-5040,COMPLETED
TXN-5041,2025-09-20,NEFT APEX CONSULTING GROUP,326246.37,INR,CREDIT,REF-5041,COMPLETED
TXN-5042,2025-11-30,RTGS DATASPHERE SOLUTIONS PVT LTD,203503.82,INR,CREDIT,REF-5042,COMPLETED
TXN-5043,2025-08-31,IMPS SECURENET SERVICES LTD,189797.07,INR,CREDIT,REF-5043,COMPLETED
TXN-5044,2025-12-25,UPI BRIGHTDESK SOLUTIONS,348447.46,INR,CREDIT,REF-5044,COMPLETED
TXN-5045,2025-11-06,BANK TRANSFER OFFICEKART INDIA PVT LTD,109241.6,INR,CREDIT,REF-5045,COMPLETED
TXN-5046,2025-09-01,BANK TRANSFER APEX CONSULTING GROUP,157145.6,INR,CREDIT,REF-5046,COMPLETED
TXN-5047,2026-04-15,NEFT BRIGHTDESK SOLUTIONS,79137.65,INR,CREDIT,REF-5047,COMPLETED
TXN-5048,2025-09-05,UPI OFFICEKART INDIA PVT LTD,34446.45,INR,CREDIT,REF-5048,COMPLETED
TXN-5049,2026-05-19,BANK TRANSFER DATASPHERE SOLUTIONS PVT LTD,289670.07,INR,CREDIT,REF-5049,COMPLETED
TXN-5050,2026-03-03,IMPS DATASPHERE SOLUTIONS PVT LTD,292044.31,INR,CREDIT,REF-5050,COMPLETED
TXN-5051,2025-11-13,IMPS GREENLEAF SUPPLIES LTD,358237.8,INR,CREDIT,REF-5051,COMPLETED
TXN-5052,2025-10-07,IMPS SECURENET SERVICES LTD,322927.64,INR,CREDIT,REF-5052,COMPLETED
TXN-5053,2025-08-05,NEFT DATASPHERE SOLUTIONS PVT LTD,310769.05,INR,CREDIT,REF-5053,COMPLETED
TXN-5054,2026-05-03,IMPS DATASPHERE SOLUTIONS PVT LTD,253189.4,INR,CREDIT,REF-5054,COMPLETED
TXN-5055,2025-12-04,BANK TRANSFER DATASPHERE SOLUTIONS PVT LTD,142851.2,INR,CREDIT,REF-5055,COMPLETED
TXN-5056,2026-06-10,IMPS GREENLEAF SUPPLIES LTD,264705.88,INR,CREDIT,REF-5056,COMPLETED
TXN-5057,2025-10-08,BANK TRANSFER DATASPHERE SOLUTIONS PVT LTD,58156.62,INR,CREDIT,REF-5057,COMPLETED
TXN-5058,2025-12-18,RTGS OFFICEKART INDIA PVT LTD,302612.5,INR,CREDIT,REF-5058,COMPLETED
TXN-5059,2026-04-16,NEFT GREENLEAF SUPPLIES LTD,125935.07,INR,CREDIT,REF-5059,COMPLETED
TXN-5060,2025-12-20,IMPS SECURENET SERVICES LTD,2271.07,INR,CREDIT,REF-5060,COMPLETED
TXN-5061,2026-03-15,NEFT OFFICEKART INDIA PVT LTD,352980.89,INR,CREDIT,REF-5061,COMPLETED
TXN-5062,2025-09-08,NEFT DATASPHERE SOLUTIONS PVT LTD,452012.32,INR,CREDIT,REF-5062,COMPLETED
TXN-5063,2026-05-26,NEFT TECHBRIDGE SYSTEMS PVT LTD,74472.85,INR,CREDIT,REF-5063,COMPLETED
TXN-5064,2026-02-03,RTGS GREENLEAF SUPPLIES LTD,449512.86,INR,CREDIT,REF-5064,COMPLETED
TXN-5065,2026-01-29,BANK TRANSFER DATASPHERE SOLUTIONS PVT LTD,442125.28,INR,CREDIT,REF-5065,COMPLETED
TXN-5066,2025-11-30,UPI OFFICEKART INDIA PVT LTD,488114.91,INR,CREDIT,REF-5066,COMPLETED
TXN-5067,2025-10-31,RTGS CLOUDNOVA TECHNOLOGIES PVT LTD,462281.4,INR,CREDIT,REF-5067,COMPLETED
TXN-5068,2025-10-21,UPI GREENLEAF SUPPLIES LTD,54493.77,INR,CREDIT,REF-5068,COMPLETED
TXN-5069,2025-11-11,RTGS METRO LOGISTICS PVT LTD,175154.38,INR,CREDIT,REF-5069,COMPLETED
TXN-5070,2025-11-07,IMPS CLOUDNOVA TECHNOLOGIES PVT LTD,164466.84,INR,CREDIT,REF-5070,COMPLETED
TXN-5071,2026-06-25,IMPS TECHBRIDGE SYSTEMS PVT LTD,200139.35,INR,CREDIT,REF-5071,COMPLETED
TXN-5072,2025-09-29,NEFT CLOUDNOVA TECHNOLOGIES PVT LTD,89694.62,INR,CREDIT,REF-5072,COMPLETED
TXN-5073,2026-06-02,UPI DATASPHERE SOLUTIONS PVT LTD,173170.71,INR,CREDIT,REF-5073,COMPLETED
TXN-5074,2026-04-19,RTGS URBANOFFICE PVT LTD,192905.12,INR,CREDIT,REF-5074,COMPLETED
TXN-5075,2025-08-23,BANK TRANSFER GREENLEAF SUPPLIES LTD,218310.73,INR,CREDIT,REF-5075,COMPLETED
TXN-5076,2026-02-03,BANK TRANSFER METRO LOGISTICS PVT LTD,35451.92,INR,CREDIT,REF-5076,COMPLETED
TXN-5077,2025-10-03,IMPS TECHBRIDGE SYSTEMS PVT LTD,450073.39,INR,CREDIT,REF-5077,COMPLETED
TXN-5078,2026-01-15,RTGS SECURENET SERVICES LTD,348755.6,INR,CREDIT,REF-5078,COMPLETED
TXN-5079,2026-03-04,BANK TRANSFER METRO LOGISTICS PVT LTD,470211.65,INR,CREDIT,REF-5079,COMPLETED
TXN-5080,2026-01-02,IMPS URBANOFFICE PVT LTD,274194.64,INR,CREDIT,REF-5080,COMPLETED
TXN-5081,2025-11-16,IMPS GREENLEAF SUPPLIES LTD,392986.53,INR,CREDIT,REF-5081,COMPLETED
TXN-5082,2026-03-15,UPI BRIGHTDESK SOLUTIONS,337975.8,INR,CREDIT,REF-5082,COMPLETED
TXN-5083,2025-09-13,IMPS OFFICEKART INDIA PVT LTD,257968.28,INR,CREDIT,REF-5083,COMPLETED
TXN-5084,2025-11-29,RTGS DATASPHERE SOLUTIONS PVT LTD,155554.52,INR,CREDIT,REF-5084,COMPLETED
TXN-5085,2025-08-24,NEFT CLOUDNOVA TECHNOLOGIES PVT LTD,491976.04,INR,CREDIT,REF-5085,COMPLETED
TXN-5086,2026-03-01,UPI BRIGHTDESK SOLUTIONS,288047.61,INR,CREDIT,REF-5086,COMPLETED
TXN-5087,2025-12-03,NEFT SECURENET SERVICES LTD,328200.98,INR,CREDIT,REF-5087,COMPLETED
TXN-5088,2025-11-21,UPI SECURENET SERVICES LTD,402152.87,INR,CREDIT,REF-5088,COMPLETED
TXN-5089,2026-05-13,UPI CLOUDNOVA TECHNOLOGIES PVT LTD,458776.27,INR,CREDIT,REF-5089,COMPLETED
TXN-5090,2026-03-26,BANK TRANSFER OFFICEKART INDIA PVT LTD,265800.38,INR,CREDIT,REF-5090,COMPLETED
TXN-5091,2026-03-15,UPI TECHBRIDGE SYSTEMS PVT LTD,407595.75,INR,CREDIT,REF-5091,COMPLETED
TXN-5092,2026-03-17,UPI APEX CONSULTING GROUP,371955.89,INR,CREDIT,REF-5092,COMPLETED
TXN-5093,2025-12-05,UPI GREENLEAF SUPPLIES LTD,139017.02,INR,CREDIT,REF-5093,COMPLETED
TXN-5094,2025-12-19,RTGS METRO LOGISTICS PVT LTD,39202.94,INR,CREDIT,REF-5094,COMPLETED
TXN-5095,2026-01-19,RTGS GREENLEAF SUPPLIES LTD,446566.9,INR,CREDIT,REF-5095,COMPLETED
TXN-5096,2025-11-27,NEFT OFFICEKART INDIA PVT LTD,347127.93,INR,CREDIT,REF-5096,COMPLETED
TXN-5097,2026-02-25,NEFT SECURENET SERVICES LTD,271534.26,INR,CREDIT,REF-5097,COMPLETED
TXN-5098,2026-03-04,NEFT METRO LOGISTICS PVT LTD,452466.82,INR,CREDIT,REF-5098,COMPLETED
TXN-5099,2026-02-11,IMPS URBANOFFICE PVT LTD,3445.09,INR,CREDIT,REF-5099,COMPLETED
TXN-5100,2026-03-03,BANK TRANSFER SECURENET SERVICES LTD,373884.08,INR,CREDIT,REF-5100,COMPLETED
TXN-5101,2026-04-07,NEFT METRO LOGISTICS PVT LTD,136831.19,INR,CREDIT,REF-5101,COMPLETED
TXN-5102,2026-01-20,RTGS SECURENET SERVICES LTD,339731.37,INR,CREDIT,REF-5102,COMPLETED
TXN-5103,2025-10-05,BANK TRANSFER BRIGHTDESK SOLUTIONS,267294.75,INR,CREDIT,REF-5103,COMPLETED
TXN-5104,2025-08-14,UPI URBANOFFICE PVT LTD,321553.45,INR,CREDIT,REF-5104,COMPLETED
TXN-5105,2025-08-26,UPI OFFICEKART INDIA PVT LTD,189862.38,INR,CREDIT,REF-5105,COMPLETED
TXN-5106,2026-01-20,IMPS TECHBRIDGE SYSTEMS PVT LTD,139489.18,INR,CREDIT,REF-5106,COMPLETED
TXN-5107,2026-03-29,IMPS DATASPHERE SOLUTIONS PVT LTD,374637.62,INR,CREDIT,REF-5107,COMPLETED
TXN-5108,2025-09-05,RTGS METRO LOGISTICS PVT LTD,20608.94,INR,CREDIT,REF-5108,COMPLETED
TXN-5109,2025-08-11,UPI METRO LOGISTICS PVT LTD,76614.98,INR,CREDIT,REF-5109,COMPLETED
TXN-5110,2026-05-16,IMPS DATASPHERE SOLUTIONS PVT LTD,232784.47,INR,CREDIT,REF-5110,COMPLETED
TXN-5111,2026-06-07,RTGS OFFICEKART INDIA PVT LTD,481885.5,INR,CREDIT,REF-5111,COMPLETED
TXN-5112,2025-09-25,BANK TRANSFER GREENLEAF SUPPLIES LTD,13326.37,INR,CREDIT,REF-5112,COMPLETED
TXN-5113,2026-02-20,RTGS SECURENET SERVICES LTD,99565.72,INR,CREDIT,REF-5113,COMPLETED
TXN-5114,2026-01-02,BANK TRANSFER DATASPHERE SOLUTIONS PVT LTD,300405.6,INR,CREDIT,REF-5114,COMPLETED
TXN-5115,2026-01-25,NEFT CLOUDNOVA TECHNOLOGIES PVT LTD,214474.82,INR,CREDIT,REF-5115,COMPLETED
TXN-5116,2026-01-22,NEFT APEX CONSULTING GROUP,424863.03,INR,CREDIT,REF-5116,COMPLETED
TXN-5117,2026-02-02,RTGS SECURENET SERVICES LTD,445841.72,INR,CREDIT,REF-5117,COMPLETED
TXN-5118,2025-10-30,BANK TRANSFER SECURENET SERVICES LTD,261112.5,INR,CREDIT,REF-5118,COMPLETED
TXN-5119,2026-04-05,IMPS APEX CONSULTING GROUP,218069.46,INR,CREDIT,REF-5119,COMPLETED
TXN-5120,2025-12-04,RTGS TECHBRIDGE SYSTEMS PVT LTD,139824.66,INR,CREDIT,REF-5120,COMPLETED
TXN-5121,2026-05-19,NEFT BRIGHTDESK SOLUTIONS,334260.14,INR,CREDIT,REF-5121,COMPLETED
TXN-5122,2026-01-14,IMPS BRIGHTDESK SOLUTIONS,244031.19,INR,CREDIT,REF-5122,COMPLETED
TXN-5123,2025-12-22,BANK TRANSFER TECHBRIDGE SYSTEMS PVT LTD,350741.28,INR,CREDIT,REF-5123,COMPLETED
TXN-5124,2026-04-22,UPI CLOUDNOVA TECHNOLOGIES PVT LTD,43263.67,INR,CREDIT,REF-5124,COMPLETED
TXN-5125,2025-12-02,UPI APEX CONSULTING GROUP,238308.51,INR,CREDIT,REF-5125,COMPLETED
TXN-5126,2025-09-17,IMPS CLOUDNOVA TECHNOLOGIES PVT LTD,111187.4,INR,CREDIT,REF-5126,COMPLETED
TXN-5127,2026-02-05,UPI URBANOFFICE PVT LTD,276959.74,INR,CREDIT,REF-5127,COMPLETED
TXN-5128,2026-01-17,IMPS APEX CONSULTING GROUP,351576.04,INR,CREDIT,REF-5128,COMPLETED
TXN-5129,2025-11-27,NEFT GREENLEAF SUPPLIES LTD,360781.52,INR,CREDIT,REF-5129,COMPLETED
TXN-5130,2025-11-03,IMPS APEX CONSULTING GROUP,108584.13,INR,CREDIT,REF-5130,COMPLETED
TXN-5131,2026-04-26,RTGS URBANOFFICE PVT LTD,141857.85,INR,CREDIT,REF-5131,COMPLETED
TXN-5132,2025-11-25,BANK TRANSFER GREENLEAF SUPPLIES LTD,90131.05,INR,CREDIT,REF-5132,COMPLETED
TXN-5133,2025-12-19,IMPS OFFICEKART INDIA PVT LTD,487160.32,INR,CREDIT,REF-5133,COMPLETED
TXN-5134,2026-06-23,BANK TRANSFER OFFICEKART INDIA PVT LTD,51742.53,INR,CREDIT,REF-5134,COMPLETED
TXN-5135,2026-03-29,NEFT GREENLEAF SUPPLIES LTD,220514.16,INR,CREDIT,REF-5135,COMPLETED
TXN-5136,2026-04-02,UPI GREENLEAF SUPPLIES LTD,411146.76,INR,CREDIT,REF-5136,COMPLETED
TXN-5137,2026-05-23,RTGS DATASPHERE SOLUTIONS PVT LTD,343382.28,INR,CREDIT,REF-5137,COMPLETED
TXN-5138,2026-01-03,BANK TRANSFER URBANOFFICE PVT LTD,496962.1,INR,CREDIT,REF-5138,COMPLETED
TXN-5139,2026-06-07,BANK TRANSFER SECURENET SERVICES LTD,395475.04,INR,CREDIT,REF-5139,COMPLETED
TXN-5140,2026-03-19,UPI SECURENET SERVICES LTD,149027.89,INR,CREDIT,REF-5140,COMPLETED
TXN-5141,2026-05-19,RTGS GREENLEAF SUPPLIES LTD,30585.04,INR,CREDIT,REF-5141,COMPLETED
TXN-5142,2025-12-14,RTGS METRO LOGISTICS PVT LTD,41053.14,INR,CREDIT,REF-5142,COMPLETED
TXN-5143,2025-09-08,BANK TRANSFER APEX CONSULTING GROUP,1836.52,INR,CREDIT,REF-5143,COMPLETED
TXN-5144,2025-12-28,UPI BRIGHTDESK SOLUTIONS,116122.38,INR,CREDIT,REF-5144,COMPLETED
TXN-5145,2025-11-28,RTGS DATASPHERE SOLUTIONS PVT LTD,394020.1,INR,CREDIT,REF-5145,COMPLETED
TXN-5146,2025-09-28,IMPS SECURENET SERVICES LTD,112792.32,INR,CREDIT,REF-5146,COMPLETED
TXN-5147,2025-09-06,BANK TRANSFER OFFICEKART INDIA PVT LTD,83378.43,INR,CREDIT,REF-5147,COMPLETED
TXN-5148,2025-12-26,UPI URBANOFFICE PVT LTD,62614.65,INR,CREDIT,REF-5148,COMPLETED
TXN-5149,2026-04-14,BANK TRANSFER GREENLEAF SUPPLIES LTD,247150.71,INR,CREDIT,REF-5149,COMPLETED
TXN-5150,2026-03-10,NEFT CLOUDNOVA TECHNOLOGIES PVT LTD,161499.63,INR,CREDIT,REF-5150,COMPLETED
TXN-5151,2025-11-26,BANK TRANSFER DATASPHERE SOLUTIONS PVT LTD,418061.33,INR,CREDIT,REF-5151,COMPLETED
TXN-5152,2025-12-16,UPI CLOUDNOVA TECHNOLOGIES PVT LTD,20595.72,INR,CREDIT,REF-5152,COMPLETED
TXN-5153,2026-03-15,UPI APEX CONSULTING GROUP,91153.83,INR,CREDIT,REF-5153,COMPLETED
TXN-5154,2025-09-16,IMPS BRIGHTDESK SOLUTIONS,174306.55,INR,CREDIT,REF-5154,COMPLETED
TXN-5155,2025-10-22,IMPS DATASPHERE SOLUTIONS PVT LTD,206116.72,INR,CREDIT,REF-5155,COMPLETED
TXN-5156,2026-05-09,IMPS SECURENET SERVICES LTD,227685.54,INR,CREDIT,REF-5156,COMPLETED
TXN-5157,2025-09-29,BANK TRANSFER TECHBRIDGE SYSTEMS PVT LTD,432522.84,INR,CREDIT,REF-5157,COMPLETED
TXN-5158,2026-02-28,BANK TRANSFER BRIGHTDESK SOLUTIONS,94197.48,INR,CREDIT,REF-5158,COMPLETED
TXN-5159,2026-06-17,IMPS BRIGHTDESK SOLUTIONS,380115.27,INR,CREDIT,REF-5159,COMPLETED
TXN-5160,2025-10-07,NEFT APEX CONSULTING GROUP,219338.99,INR,CREDIT,REF-5160,COMPLETED
TXN-5161,2026-06-19,IMPS CLOUDNOVA TECHNOLOGIES PVT LTD,399757.21,INR,CREDIT,REF-5161,COMPLETED
TXN-5162,2025-08-08,NEFT APEX CONSULTING GROUP,204291.35,INR,CREDIT,REF-5162,COMPLETED
TXN-5163,2025-09-30,IMPS BRIGHTDESK SOLUTIONS,416155.52,INR,CREDIT,REF-5163,COMPLETED
TXN-5164,2025-12-18,RTGS APEX CONSULTING GROUP,417444.61,INR,CREDIT,REF-5164,COMPLETED
TXN-5165,2026-05-10,BANK TRANSFER BRIGHTDESK SOLUTIONS,192101.21,INR,CREDIT,REF-5165,COMPLETED
TXN-5166,2025-09-05,IMPS OFFICEKART INDIA PVT LTD,386451.23,INR,CREDIT,REF-5166,COMPLETED
TXN-5167,2025-12-15,BANK TRANSFER APEX CONSULTING GROUP,141778.07,INR,CREDIT,REF-5167,COMPLETED
TXN-5168,2026-04-08,IMPS URBANOFFICE PVT LTD,223550.42,INR,CREDIT,REF-5168,COMPLETED
TXN-5169,2026-05-10,RTGS TECHBRIDGE SYSTEMS PVT LTD,188916.42,INR,CREDIT,REF-5169,COMPLETED
TXN-5170,2026-05-20,NEFT METRO LOGISTICS PVT LTD,117164.44,INR,CREDIT,REF-5170,COMPLETED
TXN-5171,2026-03-31,UPI TECHBRIDGE SYSTEMS PVT LTD,456758.37,INR,CREDIT,REF-5171,COMPLETED
TXN-5172,2026-04-11,IMPS OFFICEKART INDIA PVT LTD,63560.01,INR,CREDIT,REF-5172,COMPLETED
TXN-5173,2026-03-14,NEFT DATASPHERE SOLUTIONS PVT LTD,263212.57,INR,CREDIT,REF-5173,COMPLETED
TXN-5174,2026-02-26,UPI OFFICEKART INDIA PVT LTD,484993.42,INR,CREDIT,REF-5174,COMPLETED
TXN-5175,2026-01-21,IMPS GREENLEAF SUPPLIES LTD,346505.95,INR,CREDIT,REF-5175,COMPLETED
TXN-5176,2026-02-11,BANK TRANSFER APEX CONSULTING GROUP,313586.19,INR,CREDIT,REF-5176,COMPLETED
TXN-5177,2026-06-13,RTGS CLOUDNOVA TECHNOLOGIES PVT LTD,117767.74,INR,CREDIT,REF-5177,COMPLETED
TXN-5178,2026-03-11,UPI DATASPHERE SOLUTIONS PVT LTD,380304.66,INR,CREDIT,REF-5178,COMPLETED
TXN-5179,2026-01-01,IMPS OFFICEKART INDIA PVT LTD,23472.49,INR,CREDIT,REF-5179,COMPLETED
TXN-5180,2026-02-08,UPI TECHBRIDGE SYSTEMS PVT LTD,73212.11,INR,CREDIT,REF-5180,COMPLETED
TXN-5181,2025-11-01,UPI URBANOFFICE PVT LTD,87947.14,INR,CREDIT,REF-5181,COMPLETED
TXN-5182,2025-12-02,RTGS URBANOFFICE PVT LTD,456458.09,INR,CREDIT,REF-5182,COMPLETED
TXN-5183,2026-06-23,UPI BRIGHTDESK SOLUTIONS,230055.46,INR,CREDIT,REF-5183,COMPLETED
TXN-5184,2026-05-07,BANK TRANSFER GREENLEAF SUPPLIES LTD,37394.02,INR,CREDIT,REF-5184,COMPLETED
TXN-5185,2026-06-24,IMPS GREENLEAF SUPPLIES LTD,345311.6,INR,CREDIT,REF-5185,COMPLETED
TXN-5186,2026-02-13,BANK TRANSFER METRO LOGISTICS PVT LTD,53773.31,INR,CREDIT,REF-5186,COMPLETED
TXN-5187,2026-05-22,NEFT TECHBRIDGE SYSTEMS PVT LTD,496349.68,INR,CREDIT,REF-5187,COMPLETED
TXN-5188,2025-12-19,BANK TRANSFER SECURENET SERVICES LTD,283181.54,INR,CREDIT,REF-5188,COMPLETED
TXN-5189,2025-12-25,RTGS BRIGHTDESK SOLUTIONS,303728.97,INR,CREDIT,REF-5189,COMPLETED
TXN-5190,2026-06-14,NEFT METRO LOGISTICS PVT LTD,339043.35,INR,CREDIT,REF-5190,COMPLETED
TXN-5191,2026-01-06,RTGS CLOUDNOVA TECHNOLOGIES PVT LTD,17165.58,INR,CREDIT,REF-5191,COMPLETED
TXN-5192,2025-12-30,RTGS DATASPHERE SOLUTIONS PVT LTD,373866.69,INR,CREDIT,REF-5192,COMPLETED
TXN-5193,2026-05-04,RTGS OFFICEKART INDIA PVT LTD,265660.76,INR,CREDIT,REF-5193,COMPLETED
TXN-5194,2026-04-04,NEFT GREENLEAF SUPPLIES LTD,373406.4,INR,CREDIT,REF-5194,COMPLETED
TXN-5195,2025-09-08,UPI BRIGHTDESK SOLUTIONS,377198.67,INR,CREDIT,REF-5195,COMPLETED
TXN-5196,2026-02-04,IMPS APEX CONSULTING GROUP,395445.64,INR,CREDIT,REF-5196,COMPLETED
TXN-5197,2025-10-03,BANK TRANSFER APEX CONSULTING GROUP,184608.54,INR,CREDIT,REF-5197,COMPLETED
TXN-5198,2026-06-23,UPI SECURENET SERVICES LTD,54618.88,INR,CREDIT,REF-5198,COMPLETED
TXN-5199,2026-06-14,RTGS CLOUDNOVA TECHNOLOGIES PVT LTD,164339.14,INR,CREDIT,REF-5199,COMPLETED
TXN-5200,2026-06-22,UPI DATASPHERE SOLUTIONS PVT LTD,454739.13,INR,CREDIT,REF-5200,COMPLETED
TXN-5201,2025-10-11,UPI DATASPHERE SOLUTIONS PVT LTD,473157.64,INR,CREDIT,REF-5201,COMPLETED
TXN-5202,2025-09-19,UPI DATASPHERE SOLUTIONS PVT LTD,443686.02,INR,CREDIT,REF-5202,COMPLETED
TXN-5203,2026-02-06,UPI BRIGHTDESK SOLUTIONS,474715.69,INR,CREDIT,REF-5203,COMPLETED
TXN-5204,2025-10-19,BANK TRANSFER URBANOFFICE PVT LTD,327633.49,INR,CREDIT,REF-5204,COMPLETED
TXN-5205,2025-12-22,UPI SECURENET SERVICES LTD,345295.19,INR,CREDIT,REF-5205,COMPLETED
TXN-5206,2025-11-29,BANK TRANSFER BRIGHTDESK SOLUTIONS,50127.63,INR,CREDIT,REF-5206,COMPLETED
TXN-5207,2025-09-01,UPI TECHBRIDGE SYSTEMS PVT LTD,138302.78,INR,CREDIT,REF-5207,COMPLETED
TXN-5208,2025-11-17,NEFT DATASPHERE SOLUTIONS PVT LTD,319926.71,INR,CREDIT,REF-5208,COMPLETED
TXN-5209,2025-12-03,NEFT TECHBRIDGE SYSTEMS PVT LTD,393595.56,INR,CREDIT,REF-5209,COMPLETED
TXN-5210,2025-11-15,IMPS APEX CONSULTING GROUP,108367.7,INR,CREDIT,REF-5210,COMPLETED
TXN-5211,2026-06-02,RTGS OFFICEKART INDIA PVT LTD,138998.79,INR,CREDIT,REF-5211,COMPLETED
TXN-5212,2025-12-07,RTGS APEX CONSULTING GROUP,55408.21,INR,CREDIT,REF-5212,COMPLETED
TXN-5213,2026-01-31,RTGS CLOUDNOVA TECHNOLOGIES PVT LTD,294632.03,INR,CREDIT,REF-5213,COMPLETED
TXN-5214,2025-08-27,NEFT GREENLEAF SUPPLIES LTD,370988.17,INR,CREDIT,REF-5214,COMPLETED
TXN-5215,2026-04-01,BANK TRANSFER DATASPHERE SOLUTIONS PVT LTD,389119.51,INR,CREDIT,REF-5215,COMPLETED
TXN-5216,2026-03-20,NEFT DATASPHERE SOLUTIONS PVT LTD,111164.1,INR,CREDIT,REF-5216,COMPLETED
TXN-5217,2026-01-02,NEFT APEX CONSULTING GROUP,321848.67,INR,CREDIT,REF-5217,COMPLETED
TXN-5218,2026-02-22,UPI BRIGHTDESK SOLUTIONS,343205.7,INR,CREDIT,REF-5218,COMPLETED
TXN-5219,2025-09-11,RTGS DATASPHERE SOLUTIONS PVT LTD,304344.56,INR,CREDIT,REF-5219,COMPLETED
TXN-5220,2026-06-16,UPI GREENLEAF SUPPLIES LTD,292889.66,INR,CREDIT,REF-5220,COMPLETED
TXN-5221,2026-04-29,UPI URBANOFFICE PVT LTD,227130.85,INR,CREDIT,REF-5221,COMPLETED
TXN-5222,2025-09-28,RTGS DATASPHERE SOLUTIONS PVT LTD,325632.87,INR,CREDIT,REF-5222,COMPLETED
TXN-5223,2026-03-20,UPI SECURENET SERVICES LTD,207199.88,INR,CREDIT,REF-5223,COMPLETED
TXN-5224,2025-09-18,IMPS SECURENET SERVICES LTD,213668.62,INR,CREDIT,REF-5224,COMPLETED
TXN-5225,2026-03-31,NEFT OFFICEKART INDIA PVT LTD,46066.78,INR,CREDIT,REF-5225,COMPLETED
TXN-5226,2025-09-19,BANK TRANSFER SECURENET SERVICES LTD,369528.6,INR,CREDIT,REF-5226,COMPLETED
TXN-5227,2026-05-28,UPI CLOUDNOVA TECHNOLOGIES PVT LTD,281060.85,INR,CREDIT,REF-5227,COMPLETED
TXN-5228,2026-03-05,BANK TRANSFER TECHBRIDGE SYSTEMS PVT LTD,26197.32,INR,CREDIT,REF-5228,COMPLETED
TXN-5229,2026-01-28,RTGS GREENLEAF SUPPLIES LTD,289170.3,INR,CREDIT,REF-5229,COMPLETED
TXN-5230,2025-11-23,IMPS BRIGHTDESK SOLUTIONS,175381.94,INR,CREDIT,REF-5230,COMPLETED
TXN-5231,2025-12-21,BANK TRANSFER DATASPHERE SOLUTIONS PVT LTD,113466.47,INR,CREDIT,REF-5231,COMPLETED
TXN-5232,2026-06-11,BANK TRANSFER URBANOFFICE PVT LTD,321528.23,INR,CREDIT,REF-5232,COMPLETED
TXN-5233,2025-08-15,IMPS GREENLEAF SUPPLIES LTD,136998.56,INR,CREDIT,REF-5233,COMPLETED
TXN-5234,2025-08-04,UPI TECHBRIDGE SYSTEMS PVT LTD,434996.42,INR,CREDIT,REF-5234,COMPLETED
TXN-5235,2025-10-12,NEFT DATASPHERE SOLUTIONS PVT LTD,316769.42,INR,CREDIT,REF-5235,COMPLETED
TXN-5236,2025-11-19,RTGS APEX CONSULTING GROUP,210206.33,INR,CREDIT,REF-5236,COMPLETED
TXN-5237,2026-01-07,BANK TRANSFER TECHBRIDGE SYSTEMS PVT LTD,162529.25,INR,CREDIT,REF-5237,COMPLETED
TXN-5238,2025-08-27,NEFT DATASPHERE SOLUTIONS PVT LTD,79126.24,INR,CREDIT,REF-5238,COMPLETED
TXN-5239,2025-12-18,BANK TRANSFER DATASPHERE SOLUTIONS PVT LTD,331138.38,INR,CREDIT,REF-5239,COMPLETED
TXN-5240,2026-03-01,NEFT BRIGHTDESK SOLUTIONS,108176.7,INR,CREDIT,REF-5240,COMPLETED
TXN-5241,2026-03-09,UPI TECHBRIDGE SYSTEMS PVT LTD,141981.61,INR,CREDIT,REF-5241,COMPLETED
TXN-5242,2026-01-05,NEFT APEX CONSULTING GROUP,110648.96,INR,CREDIT,REF-5242,COMPLETED
TXN-5243,2025-11-13,IMPS CLOUDNOVA TECHNOLOGIES PVT LTD,472689.38,INR,CREDIT,REF-5243,COMPLETED
TXN-5244,2026-01-15,RTGS GREENLEAF SUPPLIES LTD,4361.09,INR,CREDIT,REF-5244,COMPLETED
TXN-5245,2026-02-11,BANK TRANSFER OFFICEKART INDIA PVT LTD,351983.8,INR,CREDIT,REF-5245,COMPLETED
TXN-5246,2025-09-06,UPI TECHBRIDGE SYSTEMS PVT LTD,430951.3,INR,CREDIT,REF-5246,COMPLETED
TXN-5247,2026-03-24,UPI CLOUDNOVA TECHNOLOGIES PVT LTD,431123.95,INR,CREDIT,REF-5247,COMPLETED
TXN-5248,2026-02-24,NEFT URBANOFFICE PVT LTD,320250.76,INR,CREDIT,REF-5248,COMPLETED
TXN-5249,2025-08-11,UPI SECURENET SERVICES LTD,86350.65,INR,CREDIT,REF-5249,COMPLETED
TXN-5250,2025-09-15,UPI TECHBRIDGE SYSTEMS PVT LTD,422319.94,INR,CREDIT,REF-5250,COMPLETED
TXN-5251,2026-02-22,IMPS URBANOFFICE PVT LTD,39784.22,INR,CREDIT,REF-5251,COMPLETED
TXN-5252,2026-01-18,BANK TRANSFER METRO LOGISTICS PVT LTD,38651.5,INR,CREDIT,REF-5252,COMPLETED
TXN-5253,2025-11-08,RTGS APEX CONSULTING GROUP,175874.32,INR,CREDIT,REF-5253,COMPLETED
TXN-5254,2025-10-14,RTGS DATASPHERE SOLUTIONS PVT LTD,99037.27,INR,CREDIT,REF-5254,COMPLETED
TXN-5255,2025-10-30,BANK TRANSFER DATASPHERE SOLUTIONS PVT LTD,247311.45,INR,CREDIT,REF-5255,COMPLETED
TXN-5256,2026-05-17,IMPS BRIGHTDESK SOLUTIONS,317831.51,INR,CREDIT,REF-5256,COMPLETED
TXN-5257,2025-10-17,IMPS TECHBRIDGE SYSTEMS PVT LTD,34608.99,INR,CREDIT,REF-5257,COMPLETED
TXN-5258,2026-05-30,IMPS GREENLEAF SUPPLIES LTD,176295.14,INR,CREDIT,REF-5258,COMPLETED
TXN-5259,2026-03-20,NEFT BRIGHTDESK SOLUTIONS,28916.58,INR,CREDIT,REF-5259,COMPLETED
TXN-5260,2026-06-11,BANK TRANSFER DATASPHERE SOLUTIONS PVT LTD,253780.37,INR,CREDIT,REF-5260,COMPLETED
TXN-5261,2025-08-22,RTGS APEX CONSULTING GROUP,454570.45,INR,CREDIT,REF-5261,COMPLETED
TXN-5262,2026-06-06,UPI TECHBRIDGE SYSTEMS PVT LTD,250932.97,INR,CREDIT,REF-5262,COMPLETED
TXN-5263,2026-01-23,NEFT DATASPHERE SOLUTIONS PVT LTD,42622.4,INR,CREDIT,REF-5263,COMPLETED
TXN-5264,2026-03-13,RTGS METRO LOGISTICS PVT LTD,262272.24,INR,CREDIT,REF-5264,COMPLETED
TXN-5265,2026-02-07,BANK TRANSFER TECHBRIDGE SYSTEMS PVT LTD,194014.57,INR,CREDIT,REF-5265,COMPLETED
TXN-5266,2026-06-20,NEFT CLOUDNOVA TECHNOLOGIES PVT LTD,167657.35,INR,CREDIT,REF-5266,COMPLETED
TXN-5267,2026-02-14,RTGS APEX CONSULTING GROUP,126371.89,INR,CREDIT,REF-5267,COMPLETED
TXN-5268,2025-09-11,IMPS TECHBRIDGE SYSTEMS PVT LTD,331974.25,INR,CREDIT,REF-5268,COMPLETED
TXN-5269,2025-10-06,IMPS SECURENET SERVICES LTD,354562.59,INR,CREDIT,REF-5269,COMPLETED
TXN-5270,2026-02-09,BANK TRANSFER APEX CONSULTING GROUP,395935.15,INR,CREDIT,REF-5270,COMPLETED
TXN-5271,2026-06-27,NEFT DATASPHERE SOLUTIONS PVT LTD,211991.48,INR,CREDIT,REF-5271,COMPLETED
TXN-5272,2026-01-06,UPI TECHBRIDGE SYSTEMS PVT LTD,475609.07,INR,CREDIT,REF-5272,COMPLETED
TXN-5273,2025-11-24,NEFT METRO LOGISTICS PVT LTD,77895.11,INR,CREDIT,REF-5273,COMPLETED
TXN-5274,2026-05-04,IMPS APEX CONSULTING GROUP,441899.24,INR,CREDIT,REF-5274,COMPLETED
TXN-5275,2025-10-07,RTGS URBANOFFICE PVT LTD,188671.58,INR,CREDIT,REF-5275,COMPLETED
TXN-5276,2025-10-24,IMPS URBANOFFICE PVT LTD,219117.87,INR,CREDIT,REF-5276,COMPLETED
TXN-5277,2026-03-16,RTGS METRO LOGISTICS PVT LTD,142821.5,INR,CREDIT,REF-5277,COMPLETED
TXN-5278,2025-12-01,RTGS APEX CONSULTING GROUP,482815.52,INR,CREDIT,REF-5278,COMPLETED
TXN-5279,2026-05-20,UPI TECHBRIDGE SYSTEMS PVT LTD,231109.15,INR,CREDIT,REF-5279,COMPLETED
TXN-5280,2026-04-28,BANK TRANSFER APEX CONSULTING GROUP,483150.94,INR,CREDIT,REF-5280,COMPLETED
TXN-5281,2025-12-07,BANK TRANSFER OFFICEKART INDIA PVT LTD,320768.93,INR,CREDIT,REF-5281,COMPLETED
TXN-5282,2026-04-22,IMPS DATASPHERE SOLUTIONS PVT LTD,142888.98,INR,CREDIT,REF-5282,COMPLETED
TXN-5283,2026-04-20,RTGS BRIGHTDESK SOLUTIONS,415607.84,INR,CREDIT,REF-5283,COMPLETED
TXN-5284,2026-01-26,BANK TRANSFER BRIGHTDESK SOLUTIONS,207741.0,INR,CREDIT,REF-5284,COMPLETED
TXN-5285,2025-11-29,RTGS TECHBRIDGE SYSTEMS PVT LTD,497265.41,INR,CREDIT,REF-5285,COMPLETED
TXN-5286,2026-01-11,RTGS CLOUDNOVA TECHNOLOGIES PVT LTD,419668.56,INR,CREDIT,REF-5286,COMPLETED
TXN-5287,2025-08-20,RTGS OFFICEKART INDIA PVT LTD,458739.39,INR,CREDIT,REF-5287,COMPLETED
TXN-5288,2026-03-18,NEFT BRIGHTDESK SOLUTIONS,3122.97,INR,CREDIT,REF-5288,COMPLETED
TXN-5289,2025-11-19,BANK TRANSFER GREENLEAF SUPPLIES LTD,274627.72,INR,CREDIT,REF-5289,COMPLETED
TXN-5290,2025-09-26,NEFT SECURENET SERVICES LTD,119201.29,INR,CREDIT,REF-5290,COMPLETED
TXN-5291,2026-03-03,NEFT METRO LOGISTICS PVT LTD,397052.6,INR,CREDIT,REF-5291,COMPLETED
TXN-5292,2026-04-13,BANK TRANSFER DATASPHERE SOLUTIONS PVT LTD,268258.87,INR,CREDIT,REF-5292,COMPLETED
TXN-5293,2025-10-13,IMPS METRO LOGISTICS PVT LTD,214904.83,INR,CREDIT,REF-5293,COMPLETED
TXN-5294,2026-05-20,BANK TRANSFER METRO LOGISTICS PVT LTD,94063.3,INR,CREDIT,REF-5294,COMPLETED
TXN-5295,2025-09-04,BANK TRANSFER TECHBRIDGE SYSTEMS PVT LTD,272268.94,INR,CREDIT,REF-5295,COMPLETED
TXN-5296,2026-02-16,IMPS CLOUDNOVA TECHNOLOGIES PVT LTD,22245.45,INR,CREDIT,REF-5296,COMPLETED
TXN-5297,2025-08-09,RTGS GREENLEAF SUPPLIES LTD,394365.75,INR,CREDIT,REF-5297,COMPLETED
TXN-5298,2026-05-25,NEFT DATASPHERE SOLUTIONS PVT LTD,378461.12,INR,CREDIT,REF-5298,COMPLETED
TXN-5299,2026-05-07,UPI TECHBRIDGE SYSTEMS PVT LTD,406847.68,INR,CREDIT,REF-5299,COMPLETED
TXN-5300,2026-06-20,UPI BRIGHTDESK SOLUTIONS,405843.09,INR,CREDIT,REF-5300,COMPLETED
TXN-5301,2025-12-29,NEFT CN TECHNOLOGIES INV-1301,22381.23,INR,CREDIT,REF-5301,COMPLETED
TXN-5302,2026-04-21,UPI GREEN LEAF INV-1302,494566.79,INR,CREDIT,REF-5302,COMPLETED
TXN-5303,2025-11-06,IMPS CN TECHNOLOGIES INV-1303,178808.6,INR,CREDIT,REF-5303,COMPLETED
TXN-5304,2026-02-05,UPI DS SOLUTIONS INV-1304,444798.52,INR,CREDIT,REF-5304,COMPLETED
TXN-5305,2026-04-12,IMPS OFFICEKART IND INV-1305,249012.93,INR,CREDIT,REF-5305,COMPLETED
TXN-5306,2025-09-10,BANK TRANSFER SECURE NET INV-1306,301425.42,INR,CREDIT,REF-5306,COMPLETED
TXN-5307,2025-09-22,IMPS TECH BRIDGE INV-1307,164295.99,INR,CREDIT,REF-5307,COMPLETED
TXN-5308,2026-03-07,UPI URBAN OFFICE INV-1308,345037.52,INR,CREDIT,REF-5308,COMPLETED
TXN-5309,2026-06-11,NEFT TECHBRIDGE INV-1309,137640.4,INR,CREDIT,REF-5309,COMPLETED
TXN-5310,2026-02-03,NEFT SECURENET SERV INV-1310,400647.44,INR,CREDIT,REF-5310,COMPLETED
TXN-5311,2026-03-13,IMPS URBANOFFICE IND INV-1311,63551.9,INR,CREDIT,REF-5311,COMPLETED
TXN-5312,2026-05-18,IMPS SECURE NET INV-1312,302744.87,INR,CREDIT,REF-5312,COMPLETED
TXN-5313,2025-09-09,UPI BRIGHT DESK INV-1313,69278.71,INR,CREDIT,REF-5313,COMPLETED
TXN-5314,2025-12-06,UPI GREENLEAF INV-1314,13443.71,INR,CREDIT,REF-5314,COMPLETED
TXN-5315,2026-05-15,UPI SECURENET SERV INV-1315,131257.45,INR,CREDIT,REF-5315,COMPLETED
TXN-5316,2025-12-25,RTGS URBAN OFFICE INV-1316,458281.22,INR,CREDIT,REF-5316,COMPLETED
TXN-5317,2025-09-07,NEFT OFFICEKART INV-1317,86741.85,INR,CREDIT,REF-5317,COMPLETED
TXN-5318,2026-01-25,IMPS TECH BRIDGE INV-1318,32937.07,INR,CREDIT,REF-5318,COMPLETED
TXN-5319,2026-06-23,RTGS OFFICEKART IND INV-1319,396951.34,INR,CREDIT,REF-5319,COMPLETED
TXN-5320,2025-10-11,IMPS METRO EXPLICIT INV-1320,395291.34,INR,CREDIT,REF-5320,COMPLETED
TXN-5321,2026-02-05,RTGS URBANOFFICE INV-1321,401929.03,INR,CREDIT,REF-5321,COMPLETED
TXN-5322,2025-09-03,BANK TRANSFER DS SOLUTIONS INV-1322,199380.91,INR,CREDIT,REF-5322,COMPLETED
TXN-5323,2026-05-22,NEFT SECURE NET INV-1323,63100.73,INR,CREDIT,REF-5323,COMPLETED
TXN-5324,2026-04-22,BANK TRANSFER BRIGHTDESK SOL INV-1324,64603.14,INR,CREDIT,REF-5324,COMPLETED
TXN-5325,2026-03-10,NEFT OFFICEKART INV-1325,455400.78,INR,CREDIT,REF-5325,COMPLETED
TXN-5326,2026-01-03,IMPS OFFICEKART INV-1326,81402.5,INR,CREDIT,REF-5326,COMPLETED
TXN-5327,2025-09-10,IMPS GREENLEAF SUP INV-1327,98552.81,INR,CREDIT,REF-5327,COMPLETED
TXN-5328,2026-06-11,BANK TRANSFER GREENLEAF INV-1328,47167.49,INR,CREDIT,REF-5328,COMPLETED
TXN-5329,2025-10-27,IMPS OFFICEKART INV-1329,312427.35,INR,CREDIT,REF-5329,COMPLETED
TXN-5330,2025-08-15,IMPS CLOUDNOVA INV-1330,23208.17,INR,CREDIT,REF-5330,COMPLETED
TXN-5331,2026-05-20,UPI METRO EXPLICIT INV-1331,309245.16,INR,CREDIT,REF-5331,COMPLETED
TXN-5332,2025-12-27,RTGS APEX INV-1332,478346.76,INR,CREDIT,REF-5332,COMPLETED
TXN-5333,2025-12-31,RTGS SECURE NET INV-1333,36950.03,INR,CREDIT,REF-5333,COMPLETED
TXN-5334,2026-04-05,RTGS SECURE NET INV-1334,102409.5,INR,CREDIT,REF-5334,COMPLETED
TXN-5335,2026-01-24,BANK TRANSFER TECHBRIDGE INV-1335,65817.69,INR,CREDIT,REF-5335,COMPLETED
TXN-5336,2026-01-11,UPI DATASPHERE SOL INV-1336,233503.05,INR,CREDIT,REF-5336,COMPLETED
TXN-5337,2025-09-19,BANK TRANSFER OFFICE KART INV-1337,145460.9,INR,CREDIT,REF-5337,COMPLETED
TXN-5338,2025-10-21,RTGS METRO LOG INV-1338,466908.89,INR,CREDIT,REF-5338,COMPLETED
TXN-5339,2026-04-21,UPI BRIGHTDESK SOL INV-1339,249630.47,INR,CREDIT,REF-5339,COMPLETED
TXN-5340,2026-02-18,RTGS DATASPHERE INV-1340,228886.71,INR,CREDIT,REF-5340,COMPLETED
TXN-5341,2025-08-25,UPI TECH BRIDGE INV-1341,141037.49,INR,CREDIT,REF-5341,COMPLETED
TXN-5342,2025-08-05,IMPS APEX CONSULT INV-1342,215748.42,INR,CREDIT,REF-5342,COMPLETED
TXN-5343,2025-08-24,RTGS TECH BRIDGE INV-1343,26053.26,INR,CREDIT,REF-5343,COMPLETED
TXN-5344,2025-12-26,BANK TRANSFER APEX CONSULT INV-1344,193481.24,INR,CREDIT,REF-5344,COMPLETED
TXN-5345,2026-06-09,UPI URBANOFFICE IND INV-1345,64767.36,INR,CREDIT,REF-5345,COMPLETED
TXN-5346,2026-05-13,BANK TRANSFER TECHBRIDGE INV-1346,377605.1,INR,CREDIT,REF-5346,COMPLETED
TXN-5347,2026-04-14,IMPS SECURE NET INV-1347,23129.02,INR,CREDIT,REF-5347,COMPLETED
TXN-5348,2026-03-22,RTGS APEX CONSULT INV-1348,303327.13,INR,CREDIT,REF-5348,COMPLETED
TXN-5349,2026-01-11,IMPS URBANOFFICE INV-1349,196780.82,INR,CREDIT,REF-5349,COMPLETED
TXN-5350,2026-04-17,IMPS TECH BRIDGE INV-1350,266403.75,INR,CREDIT,REF-5350,COMPLETED
TXN-5351,2026-02-05,BANK TRANSFER CN TECHNOLOGIES INV-1351,337066.29,INR,CREDIT,REF-5351,COMPLETED
TXN-5352,2026-06-02,BANK TRANSFER CLOUDNOVA TECH INV-1352,133132.45,INR,CREDIT,REF-5352,COMPLETED
TXN-5353,2026-05-26,UPI CLOUDNOVA TECH INV-1353,85670.77,INR,CREDIT,REF-5353,COMPLETED
TXN-5354,2025-08-17,RTGS METRO LOG INV-1354,474128.48,INR,CREDIT,REF-5354,COMPLETED
TXN-5355,2026-01-08,UPI BRIGHTDESK INV-1355,76139.91,INR,CREDIT,REF-5355,COMPLETED
TXN-5356,2026-03-30,BANK TRANSFER URBAN OFFICE INV-1356,363837.35,INR,CREDIT,REF-5356,COMPLETED
TXN-5357,2026-01-14,IMPS APEX CONS INV-1357,239446.31,INR,CREDIT,REF-5357,COMPLETED
TXN-5358,2026-04-30,BANK TRANSFER BRIGHT DESK INV-1358,273363.47,INR,CREDIT,REF-5358,COMPLETED
TXN-5359,2025-12-05,IMPS METRO LOGISTICS INDIA INV-1359,279264.28,INR,CREDIT,REF-5359,COMPLETED
TXN-5360,2026-04-08,IMPS METRO LOGISTICS INDIA INV-1360,240161.81,INR,CREDIT,REF-5360,COMPLETED
TXN-5361,2026-05-24,IMPS PAYMENT DATASPHERE,271823.84,INR,CREDIT,REF-5361,COMPLETED
TXN-5362,2025-08-30,IMPS PAYMENT GREENLEAF,477679.2,INR,CREDIT,REF-5362,COMPLETED
TXN-5363,2026-04-12,IMPS PAYMENT GREENLEAF,101432.97,INR,CREDIT,REF-5363,COMPLETED
TXN-5364,2025-10-14,RTGS PAYMENT GREENLEAF,308030.68,INR,CREDIT,REF-5364,COMPLETED
TXN-5365,2026-05-06,NEFT PAYMENT CLOUDNOVA,319153.31,INR,CREDIT,REF-5365,COMPLETED
TXN-5366,2026-04-08,NEFT PAYMENT TECHBRIDGE,340755.4,INR,CREDIT,REF-5366,COMPLETED
TXN-5367,2026-03-01,UPI PAYMENT OFFICEKART,467548.53,INR,CREDIT,REF-5367,COMPLETED
TXN-5368,2026-01-16,BANK TRANSFER PAYMENT GREENLEAF,323126.01,INR,CREDIT,REF-5368,COMPLETED
TXN-5369,2025-08-27,NEFT PAYMENT APEX CONSULTING,209233.55,INR,CREDIT,REF-5369,COMPLETED
TXN-5370,2025-11-05,NEFT PAYMENT BRIGHTDESK,481084.62,INR,CREDIT,REF-5370,COMPLETED
TXN-5371,2026-05-26,IMPS PAYMENT GREENLEAF,54096.7,INR,CREDIT,REF-5371,COMPLETED
TXN-5372,2026-05-04,BANK TRANSFER PAYMENT APEX CONSULTING,444685.35,INR,CREDIT,REF-5372,COMPLETED
TXN-5373,2025-11-10,IMPS PAYMENT GREENLEAF,165676.71,INR,CREDIT,REF-5373,COMPLETED
TXN-5374,2026-01-30,RTGS PAYMENT CLOUDNOVA,284106.72,INR,CREDIT,REF-5374,COMPLETED
TXN-5375,2026-03-10,NEFT PAYMENT SECURENET,164299.37,INR,CREDIT,REF-5375,COMPLETED
TXN-5376,2026-04-09,IMPS PAYMENT OFFICEKART,467944.78,INR,CREDIT,REF-5376,COMPLETED
TXN-5377,2026-03-27,BANK TRANSFER PAYMENT METRO LOGISTICS,477040.39,INR,CREDIT,REF-5377,COMPLETED
TXN-5378,2025-12-14,NEFT PAYMENT CLOUDNOVA,180096.27,INR,CREDIT,REF-5378,COMPLETED
TXN-5379,2026-01-07,IMPS PAYMENT BRIGHTDESK,203005.6,INR,CREDIT,REF-5379,COMPLETED
TXN-5380,2026-02-08,UPI PAYMENT GREENLEAF,110814.2,INR,CREDIT,REF-5380,COMPLETED
TXN-5381,2026-06-16,UPI PAYMENT BRIGHTDESK,208214.88,INR,CREDIT,REF-5381,COMPLETED
TXN-5382,2025-12-13,BANK TRANSFER PAYMENT METRO LOGISTICS,377492.41,INR,CREDIT,REF-5382,COMPLETED
TXN-5383,2026-02-11,NEFT PAYMENT APEX CONSULTING,458663.73,INR,CREDIT,REF-5383,COMPLETED
TXN-5384,2025-11-21,IMPS PAYMENT APEX CONSULTING,268561.75,INR,CREDIT,REF-5384,COMPLETED
TXN-5385,2025-10-01,UPI PAYMENT BRIGHTDESK,103098.04,INR,CREDIT,REF-5385,COMPLETED
TXN-5386,2026-03-25,UPI PAYMENT APEX CONSULTING,226989.43,INR,CREDIT,REF-5386,COMPLETED
TXN-5387,2025-09-06,NEFT PAYMENT URBANOFFICE,231457.96,INR,CREDIT,REF-5387,COMPLETED
TXN-5388,2025-08-09,NEFT PAYMENT GREENLEAF,109341.7,INR,CREDIT,REF-5388,COMPLETED
TXN-5389,2025-09-03,UPI PAYMENT TECHBRIDGE,497064.77,INR,CREDIT,REF-5389,COMPLETED
TXN-5390,2026-03-05,IMPS PAYMENT GREENLEAF,384601.55,INR,CREDIT,REF-5390,COMPLETED
TXN-5391,2026-02-16,RTGS PAYMENT BRIGHTDESK,40584.87,INR,CREDIT,REF-5391,COMPLETED
TXN-5392,2025-11-01,RTGS PAYMENT DATASPHERE,196832.79,INR,CREDIT,REF-5392,COMPLETED
TXN-5393,2026-01-09,UPI PAYMENT CLOUDNOVA,336913.18,INR,CREDIT,REF-5393,COMPLETED
TXN-5394,2025-11-30,IMPS PAYMENT SECURENET,230582.33,INR,CREDIT,REF-5394,COMPLETED
TXN-5395,2025-08-21,RTGS PAYMENT DATASPHERE,209910.68,INR,CREDIT,REF-5395,COMPLETED
TXN-5396,2025-09-25,NEFT PAYMENT DATASPHERE,17271.35,INR,CREDIT,REF-5396,COMPLETED
TXN-5397,2026-02-25,NEFT PAYMENT CLOUDNOVA,117552.47,INR,CREDIT,REF-5397,COMPLETED
TXN-5398,2026-01-06,IMPS PAYMENT APEX CONSULTING,407985.24,INR,CREDIT,REF-5398,COMPLETED
TXN-5399,2026-01-16,BANK TRANSFER PAYMENT URBANOFFICE,151231.34,INR,CREDIT,REF-5399,COMPLETED
TXN-5400,2026-01-08,RTGS PAYMENT SECURENET,30948.34,INR,CREDIT,REF-5400,COMPLETED
TXN-5401,2026-04-11,BANK TRANSFER APEX CONSULTING INV-1401,476435.79,INR,CREDIT,REF-5401,COMPLETED
TXN-5402,2026-02-26,BANK TRANSFER SECURENET INV-1402,147288.41,INR,CREDIT,REF-5402,COMPLETED
TXN-5403,2025-11-24,UPI METRO LOGISTICS INV-1403,407399.76,INR,CREDIT,REF-5403,COMPLETED
TXN-5404,2026-02-28,UPI APEX CONSULTING INV-1404,264921.5,INR,CREDIT,REF-5404,COMPLETED
TXN-5405,2025-11-13,IMPS GREENLEAF INV-1405,307353.09,INR,CREDIT,REF-5405,COMPLETED
TXN-5406,2025-11-06,BANK TRANSFER APEX CONSULTING INV-1406,127866.73,INR,CREDIT,REF-5406,COMPLETED
TXN-5407,2025-11-05,RTGS DATASPHERE INV-1407,355044.66,INR,CREDIT,REF-5407,COMPLETED
TXN-5408,2026-01-18,RTGS METRO LOGISTICS INV-1408,454604.8,INR,CREDIT,REF-5408,COMPLETED
TXN-5409,2026-04-03,UPI DATASPHERE INV-1409,330567.06,INR,CREDIT,REF-5409,COMPLETED
TXN-5410,2026-01-12,IMPS APEX CONSULTING INV-1410,186827.73,INR,CREDIT,REF-5410,COMPLETED
TXN-5411,2026-02-01,NEFT GREENLEAF INV-1411,397318.11,INR,CREDIT,REF-5411,COMPLETED
TXN-5412,2026-01-11,NEFT BRIGHTDESK INV-1412,167100.4,INR,CREDIT,REF-5412,COMPLETED
TXN-5413,2025-10-14,BANK TRANSFER METRO LOGISTICS INV-1413,117681.0,INR,CREDIT,REF-5413,COMPLETED
TXN-5414,2025-12-30,UPI SECURENET INV-1414,88648.02,INR,CREDIT,REF-5414,COMPLETED
TXN-5415,2026-04-13,IMPS METRO LOGISTICS INV-1415,320927.15,INR,CREDIT,REF-5415,COMPLETED
TXN-5416,2026-03-24,RTGS BRIGHTDESK INV-1416,348193.74,INR,CREDIT,REF-5416,COMPLETED
TXN-5417,2026-04-08,NEFT APEX CONSULTING INV-1417,412642.12,INR,CREDIT,REF-5417,COMPLETED
TXN-5418,2025-09-08,UPI CLOUDNOVA INV-1418,23496.29,INR,CREDIT,REF-5418,COMPLETED
TXN-5419,2025-09-04,BANK TRANSFER METRO LOGISTICS INV-1419,74420.52,INR,CREDIT,REF-5419,COMPLETED
TXN-5420,2025-08-31,UPI TECHBRIDGE INV-1420,287140.89,INR,CREDIT,REF-5420,COMPLETED
TXN-5421,2025-08-09,NEFT BRIGHTDESK INV-1421,253023.13,INR,CREDIT,REF-5421,COMPLETED
TXN-5422,2025-12-19,BANK TRANSFER APEX CONSULTING INV-1422,439875.84,INR,CREDIT,REF-5422,COMPLETED
TXN-5423,2025-10-31,RTGS SECURENET INV-1423,436112.13,INR,CREDIT,REF-5423,COMPLETED
TXN-5424,2026-06-14,IMPS METRO LOGISTICS INV-1424,124051.23,INR,CREDIT,REF-5424,COMPLETED
TXN-5425,2026-02-08,RTGS DATASPHERE INV-1425,225173.98,INR,CREDIT,REF-5425,COMPLETED
TXN-5426,2025-08-17,BANK TRANSFER DATASPHERE INV-1426,198877.78,INR,CREDIT,REF-5426,COMPLETED
TXN-5427,2026-06-23,UPI CLOUDNOVA INV-1427,344539.73,INR,CREDIT,REF-5427,COMPLETED
TXN-5428,2026-05-17,RTGS TECHBRIDGE INV-1428,425075.8,INR,CREDIT,REF-5428,COMPLETED
TXN-5429,2026-04-01,IMPS URBANOFFICE INV-1429,21381.93,INR,CREDIT,REF-5429,COMPLETED
TXN-5430,2025-08-17,NEFT URBANOFFICE INV-1430,441197.86,INR,CREDIT,REF-5430,COMPLETED
TXN-5431,2025-10-13,IMPS URBANOFFICE INV-1431,390013.7,INR,CREDIT,REF-5431,COMPLETED
TXN-5432,2025-12-02,BANK TRANSFER URBANOFFICE INV-1432,409059.79,INR,CREDIT,REF-5432,COMPLETED
TXN-5433,2025-10-11,IMPS SECURENET INV-1433,344108.71,INR,CREDIT,REF-5433,COMPLETED
TXN-5434,2026-03-12,BANK TRANSFER DATASPHERE INV-1434,377476.19,INR,CREDIT,REF-5434,COMPLETED
TXN-5435,2026-02-20,UPI URBANOFFICE INV-1435,14992.06,INR,CREDIT,REF-5435,COMPLETED
TXN-5456,2025-09-05,IMPS GREENLEAF REPAY,336652.34,INR,CREDIT,REF-5456,COMPLETED
TXN-5457,2025-09-06,DUP IMPS GREENLEAF REPAY,336652.34,INR,CREDIT,REF-5457,COMPLETED
TXN-5458,2025-12-08,UPI METRO LOGISTICS REPAY,77494.55,INR,CREDIT,REF-5458,COMPLETED
TXN-5459,2025-12-09,DUP UPI METRO LOGISTICS REPAY,77494.55,INR,CREDIT,REF-5459,COMPLETED
TXN-5460,2026-03-18,BANK TRANSFER DATASPHERE REPAY,239877.73,INR,CREDIT,REF-5460,COMPLETED
TXN-5461,2026-03-19,DUP BANK TRANSFER DATASPHERE REPAY,239877.73,INR,CREDIT,REF-5461,COMPLETED
TXN-5462,2026-03-03,BANK TRANSFER APEX CONSULTING REPAY,18864.2,INR,CREDIT,REF-5462,COMPLETED
TXN-5463,2026-03-04,DUP BANK TRANSFER APEX CONSULTING REPAY,18864.2,INR,CREDIT,REF-5463,COMPLETED
TXN-5464,2026-06-23,IMPS URBANOFFICE REPAY,55130.03,INR,CREDIT,REF-5464,COMPLETED
TXN-5465,2026-06-24,DUP IMPS URBANOFFICE REPAY,55130.03,INR,CREDIT,REF-5465,COMPLETED
TXN-5466,2026-06-10,IMPS OFFICEKART REPAY,281828.54,INR,CREDIT,REF-5466,COMPLETED
TXN-5467,2026-06-11,DUP IMPS OFFICEKART REPAY,281828.54,INR,CREDIT,REF-5467,COMPLETED
TXN-5468,2025-09-24,BANK TRANSFER SECURENET REPAY,49753.98,INR,CREDIT,REF-5468,COMPLETED
TXN-5469,2025-09-25,DUP BANK TRANSFER SECURENET REPAY,49753.98,INR,CREDIT,REF-5469,COMPLETED
TXN-5470,2026-05-13,UPI APEX CONSULTING REPAY,343988.37,INR,CREDIT,REF-5470,COMPLETED
TXN-5471,2026-05-14,DUP UPI APEX CONSULTING REPAY,343988.37,INR,CREDIT,REF-5471,COMPLETED
TXN-5472,2026-02-17,BANK TRANSFER TECHBRIDGE REPAY,386284.95,INR,CREDIT,REF-5472,COMPLETED
TXN-5473,2026-02-18,DUP BANK TRANSFER TECHBRIDGE REPAY,386284.95,INR,CREDIT,REF-5473,COMPLETED
TXN-5474,2026-01-24,UPI OFFICEKART REPAY,241644.16,INR,CREDIT,REF-5474,COMPLETED
TXN-5475,2026-01-25,DUP UPI OFFICEKART REPAY,241644.16,INR,CREDIT,REF-5475,COMPLETED
TXN-5476,2025-09-29,IMPS DATASPHERE REPAY,71266.75,INR,CREDIT,REF-5476,COMPLETED
TXN-5477,2025-09-30,DUP IMPS DATASPHERE REPAY,71266.75,INR,CREDIT,REF-5477,COMPLETED
TXN-5478,2025-11-14,NEFT BRIGHTDESK REPAY,241721.54,INR,CREDIT,REF-5478,COMPLETED
TXN-5479,2025-11-15,DUP NEFT BRIGHTDESK REPAY,241721.54,INR,CREDIT,REF-5479,COMPLETED
TXN-5480,2026-03-20,NEFT BRIGHTDESK REPAY,34053.58,INR,CREDIT,REF-5480,COMPLETED
TXN-5481,2026-03-21,DUP NEFT BRIGHTDESK REPAY,34053.58,INR,CREDIT,REF-5481,COMPLETED
TXN-5482,2026-01-23,RTGS CLOUDNOVA REPAY,55126.66,INR,CREDIT,REF-5482,COMPLETED
TXN-5483,2026-01-24,DUP RTGS CLOUDNOVA REPAY,55126.66,INR,CREDIT,REF-5483,COMPLETED
TXN-5484,2025-10-29,UPI APEX CONSULTING REPAY,80487.79,INR,CREDIT,REF-5484,COMPLETED
TXN-5485,2025-10-30,DUP UPI APEX CONSULTING REPAY,80487.79,INR,CREDIT,REF-5485,COMPLETED
TXN-5486,2025-11-27,UPI BRIGHTDESK REPAY,315065.28,INR,CREDIT,REF-5486,COMPLETED
TXN-5487,2025-11-28,DUP UPI BRIGHTDESK REPAY,315065.28,INR,CREDIT,REF-5487,COMPLETED
TXN-5488,2025-08-15,UPI SECURENET REPAY,307246.42,INR,CREDIT,REF-5488,COMPLETED
TXN-5489,2025-08-16,DUP UPI SECURENET REPAY,307246.42,INR,CREDIT,REF-5489,COMPLETED
TXN-5490,2026-03-08,RTGS URBANOFFICE REPAY,2722.8,INR,CREDIT,REF-5490,COMPLETED
TXN-5491,2026-03-09,DUP RTGS URBANOFFICE REPAY,2722.8,INR,CREDIT,REF-5491,COMPLETED
TXN-5492,2025-09-02,RTGS GREENLEAF REPAY,51325.15,INR,CREDIT,REF-5492,COMPLETED
TXN-5493,2025-09-03,DUP RTGS GREENLEAF REPAY,51325.15,INR,CREDIT,REF-5493,COMPLETED
TXN-5494,2026-01-14,UPI TECHBRIDGE REPAY,229046.44,INR,CREDIT,REF-5494,COMPLETED
TXN-5495,2026-01-15,DUP UPI TECHBRIDGE REPAY,229046.44,INR,CREDIT,REF-5495,COMPLETED
TXN-5496,2026-06-24,UPI APEX CONSULTING,25000.0,INR,CREDIT,REF-5496,COMPLETED
TXN-5497,2025-09-28,BANK TRANSFER URBANOFFICE,25000.0,INR,CREDIT,REF-5497,COMPLETED
TXN-5498,2025-12-31,IMPS OFFICEKART,25000.0,INR,CREDIT,REF-5498,COMPLETED
TXN-5499,2025-12-01,RTGS DATASPHERE,25000.0,INR,CREDIT,REF-5499,COMPLETED
TXN-5500,2026-02-15,UPI APEX CONSULTING,25000.0,INR,CREDIT,REF-5500,COMPLETED
TXN-5501,2025-11-04,BANK TRANSFER SECURENET,25000.0,INR,CREDIT,REF-5501,COMPLETED
TXN-5502,2026-04-08,UPI OFFICEKART,25000.0,INR,CREDIT,REF-5502,COMPLETED
TXN-5503,2025-08-28,RTGS URBANOFFICE,25000.0,INR,CREDIT,REF-5503,COMPLETED
TXN-5504,2026-02-13,UPI METRO LOGISTICS,25000.0,INR,CREDIT,REF-5504,COMPLETED
TXN-5505,2026-03-01,RTGS BRIGHTDESK,25000.0,INR,CREDIT,REF-5505,COMPLETED
TXN-5506,2026-05-17,IMPS DATASPHERE,25000.0,INR,CREDIT,REF-5506,COMPLETED
TXN-5507,2025-12-19,UPI CLOUDNOVA,25000.0,INR,CREDIT,REF-5507,COMPLETED
TXN-5508,2026-04-11,NEFT URBANOFFICE,25000.0,INR,CREDIT,REF-5508,COMPLETED
TXN-5509,2026-05-06,UPI GREENLEAF,25000.0,INR,CREDIT,REF-5509,COMPLETED
TXN-5510,2025-11-20,IMPS APEX CONSULTING,25000.0,INR,CREDIT,REF-5510,COMPLETED
TXN-5511,2026-03-19,UPI CLOUDNOVA,25000.0,INR,CREDIT,REF-5511,COMPLETED
TXN-5512,2025-11-30,IMPS DATASPHERE,25000.0,INR,CREDIT,REF-5512,COMPLETED
TXN-5513,2026-06-20,RTGS URBANOFFICE,25000.0,INR,CREDIT,REF-5513,COMPLETED
TXN-5514,2025-08-31,BANK TRANSFER METRO LOGISTICS,25000.0,INR,CREDIT,REF-5514,COMPLETED
TXN-5515,2025-10-26,IMPS APEX CONSULTING,25000.0,INR,CREDIT,REF-5515,COMPLETED
TXN-5516,2025-12-15,RTGS URBANOFFICE,25000.0,INR,CREDIT,REF-5516,COMPLETED
TXN-5517,2025-08-31,RTGS SECURENET,25000.0,INR,CREDIT,REF-5517,COMPLETED
TXN-5518,2025-10-14,UPI METRO LOGISTICS,25000.0,INR,CREDIT,REF-5518,COMPLETED
TXN-5519,2025-10-12,UPI BRIGHTDESK,25000.0,INR,CREDIT,REF-5519,COMPLETED
TXN-5520,2025-09-08,UPI BRIGHTDESK,25000.0,INR,CREDIT,REF-5520,COMPLETED
