invoice_id,invoice_date,vendor_id,vendor_name,invoice_number,invoice_amount,currency,payment_due_date,invoice_status,category
INV-0001,2026-01-11,VEND-102,Metro Logistics Solutions,INV/2025-26/1001,20950.0,INR,2026-01-26,UNPAID,Logistics
INV-0002,2025-10-15,VEND-104,Zephyr Digital Media,INV/2025-26/1002,114800.0,INR,2025-11-29,UNPAID,Marketing
INV-0003,2026-06-22,VEND-109,Sterling Office Supplies,INV/2025-26/1003,71700.0,INR,2026-07-22,UNPAID,Office Supplies
INV-0004,2025-10-10,VEND-101,Cloudnova Technologies Pvt Ltd,INV/2025-26/1004,24900.0,INR,2025-10-25,UNPAID,IT Services
INV-0005,2026-06-28,VEND-104,Zephyr Digital Media,INV/2025-26/1005,414450.0,INR,2026-07-13,UNPAID,Marketing
INV-0006,2026-07-22,VEND-109,Sterling Office Supplies,INV/2025-26/1006,163350.0,INR,2026-09-05,UNPAID,Office Supplies
INV-0007,2025-12-14,VEND-109,Sterling Office Supplies,INV/2025-26/1007,344150.0,INR,2026-01-13,UNPAID,Office Supplies
INV-0008,2025-08-27,VEND-110,Vanguard Security Services,INV/2025-26/1008,228350.0,INR,2025-09-11,UNPAID,Facility & Security
INV-0009,2026-01-13,VEND-107,Omniware Systems India,INV/2025-26/1009,279200.0,INR,2026-01-28,UNPAID,Software
INV-0010,2025-10-15,VEND-104,Zephyr Digital Media,INV/2025-26/1010,276200.0,INR,2025-10-30,UNPAID,Marketing
INV-0011,2026-02-23,VEND-107,Omniware Systems India,INV/2025-26/1011,79700.0,INR,2026-03-25,UNPAID,Software
INV-0012,2025-09-15,VEND-110,Vanguard Security Services,INV/2025-26/1012,217150.0,INR,2025-10-30,UNPAID,Facility & Security
INV-0013,2025-10-26,VEND-108,Bharat Fuel Services,INV/2025-26/1013,439750.0,INR,2025-11-25,UNPAID,Fuel & Energy
INV-0014,2026-01-21,VEND-102,Metro Logistics Solutions,INV/2025-26/1014,452700.0,INR,2026-03-07,UNPAID,Logistics
INV-0015,2026-06-15,VEND-110,Vanguard Security Services,INV/2025-26/1015,296750.0,INR,2026-06-30,UNPAID,Facility & Security
INV-0016,2026-07-28,VEND-102,Metro Logistics Solutions,INV/2025-26/1016,38000.0,INR,2026-08-12,UNPAID,Logistics
INV-0017,2025-12-21,VEND-105,Trident Supply Chain Solutions,INV/2025-26/1017,65850.0,INR,2026-01-05,UNPAID,Supply Chain
INV-0018,2026-04-13,VEND-107,Omniware Systems India,INV/2025-26/1018,228200.0,INR,2026-05-28,UNPAID,Software
INV-0019,2026-03-01,VEND-106,Kaveri Enterprises Solutions,INV/2025-26/1019,133700.0,INR,2026-03-31,UNPAID,General Operations
INV-0020,2026-08-18,VEND-104,Zephyr Digital Media,INV/2025-26/1020,219200.0,INR,2026-10-02,UNPAID,Marketing
INV-0021,2026-07-15,VEND-102,Metro Logistics Solutions,INV/2025-26/1021,499500.0,INR,2026-07-30,UNPAID,Logistics
INV-0022,2025-11-15,VEND-109,Sterling Office Supplies,INV/2025-26/1022,201000.0,INR,2025-12-15,UNPAID,Office Supplies
INV-0023,2026-07-17,VEND-107,Omniware Systems India,INV/2025-26/1023,221600.0,INR,2026-08-31,UNPAID,Software
INV-0024,2026-08-09,VEND-109,Sterling Office Supplies,INV/2025-26/1024,180400.0,INR,2026-09-08,UNPAID,Office Supplies
INV-0025,2025-09-09,VEND-101,Cloudnova Technologies Pvt Ltd,INV/2025-26/1025,188100.0,INR,2025-10-09,UNPAID,IT Services
INV-0026,2025-09-26,VEND-107,Omniware Systems India,INV/2025-26/1026,219800.0,INR,2025-10-11,UNPAID,Software
INV-0027,2025-12-10,VEND-110,Vanguard Security Services,INV/2025-26/1027,258250.0,INR,2026-01-24,UNPAID,Facility & Security
INV-0028,2026-07-19,VEND-108,Bharat Fuel Services,INV/2025-26/1028,324600.0,INR,2026-08-18,UNPAID,Fuel & Energy
INV-0029,2025-11-03,VEND-103,Apex Infraworks India,INV/2025-26/1029,217450.0,INR,2025-11-18,UNPAID,Construction
INV-0030,2026-01-05,VEND-109,Sterling Office Supplies,INV/2025-26/1030,442000.0,INR,2026-02-19,UNPAID,Office Supplies
INV-0031,2026-06-18,VEND-110,Vanguard Security Services,INV/2025-26/1031,351450.0,INR,2026-07-18,UNPAID,Facility & Security
INV-0032,2025-11-02,VEND-106,Kaveri Enterprises Solutions,INV/2025-26/1032,180150.0,INR,2025-12-17,UNPAID,General Operations
INV-0033,2025-09-17,VEND-108,Bharat Fuel Services,INV/2025-26/1033,74950.0,INR,2025-10-02,UNPAID,Fuel & Energy
INV-0034,2026-08-07,VEND-103,Apex Infraworks India,INV/2025-26/1034,131550.0,INR,2026-09-06,UNPAID,Construction
INV-0035,2026-03-09,VEND-110,Vanguard Security Services,INV/2025-26/1035,52500.0,INR,2026-04-08,UNPAID,Facility & Security
INV-0036,2026-05-21,VEND-110,Vanguard Security Services,INV/2025-26/1036,383900.0,INR,2026-06-20,UNPAID,Facility & Security
INV-0037,2026-08-07,VEND-109,Sterling Office Supplies,INV/2025-26/1037,9900.0,INR,2026-09-21,UNPAID,Office Supplies
INV-0038,2026-01-07,VEND-102,Metro Logistics Solutions,INV/2025-26/1038,440350.0,INR,2026-02-21,UNPAID,Logistics
INV-0039,2026-01-21,VEND-106,Kaveri Enterprises Solutions,INV/2025-26/1039,91850.0,INR,2026-02-20,UNPAID,General Operations
INV-0040,2025-08-25,VEND-103,Apex Infraworks India,INV/2025-26/1040,372150.0,INR,2025-10-09,UNPAID,Construction
INV-0041,2025-11-23,VEND-105,Trident Supply Chain Solutions,INV/2025-26/1041,410550.0,INR,2026-01-07,UNPAID,Supply Chain
INV-0042,2026-07-17,VEND-102,Metro Logistics Solutions,INV/2025-26/1042,244950.0,INR,2026-08-31,UNPAID,Logistics
INV-0043,2025-11-10,VEND-110,Vanguard Security Services,INV/2025-26/1043,163400.0,INR,2025-12-10,UNPAID,Facility & Security
INV-0044,2026-05-22,VEND-103,Apex Infraworks India,INV/2025-26/1044,442350.0,INR,2026-06-06,UNPAID,Construction
INV-0045,2026-05-01,VEND-110,Vanguard Security Services,INV/2025-26/1045,266000.0,INR,2026-05-16,UNPAID,Facility & Security
INV-0046,2026-01-28,VEND-102,Metro Logistics Solutions,INV/2025-26/1046,297850.0,INR,2026-02-12,UNPAID,Logistics
INV-0047,2026-06-10,VEND-101,Cloudnova Technologies Pvt Ltd,INV/2025-26/1047,197800.0,INR,2026-06-25,UNPAID,IT Services
INV-0048,2025-09-28,VEND-102,Metro Logistics Solutions,INV/2025-26/1048,398600.0,INR,2025-11-12,UNPAID,Logistics
INV-0049,2026-07-27,VEND-103,Apex Infraworks India,INV/2025-26/1049,105650.0,INR,2026-08-26,UNPAID,Construction
INV-0050,2026-01-06,VEND-109,Sterling Office Supplies,INV/2025-26/1050,135750.0,INR,2026-02-20,UNPAID,Office Supplies
INV-0051,2025-12-10,VEND-110,Vanguard Security Services,INV/2025-26/1051,347100.0,INR,2026-01-24,UNPAID,Facility & Security
INV-0052,2026-03-16,VEND-104,Zephyr Digital Media,INV/2025-26/1052,255850.0,INR,2026-04-30,UNPAID,Marketing
INV-0053,2026-05-15,VEND-106,Kaveri Enterprises Solutions,INV/2025-26/1053,359350.0,INR,2026-06-14,UNPAID,General Operations
INV-0054,2025-12-17,VEND-102,Metro Logistics Solutions,INV/2025-26/1054,203550.0,INR,2026-01-01,UNPAID,Logistics
INV-0055,2026-06-21,VEND-106,Kaveri Enterprises Solutions,INV/2025-26/1055,17700.0,INR,2026-08-05,UNPAID,General Operations
INV-0056,2025-12-14,VEND-104,Zephyr Digital Media,INV/2025-26/1056,482550.0,INR,2025-12-29,UNPAID,Marketing
INV-0057,2025-12-19,VEND-102,Metro Logistics Solutions,INV/2025-26/1057,48700.0,INR,2026-01-03,UNPAID,Logistics
INV-0058,2025-09-29,VEND-101,Cloudnova Technologies Pvt Ltd,INV/2025-26/1058,271150.0,INR,2025-11-13,UNPAID,IT Services
INV-0059,2026-01-21,VEND-102,Metro Logistics Solutions,INV/2025-26/1059,452700.0,INR,2026-08-31,UNPAID,Logistics
INV-0060,2025-10-30,VEND-104,Zephyr Digital Media,INV/2025-26/1060,442200.0,INR,2025-12-14,UNPAID,Marketing
INV-0061,2026-06-16,VEND-104,Zephyr Digital Media,INV/2025-26/1061,352650.0,INR,2026-05-08,UNPAID,Marketing
INV-0062,2025-11-29,VEND-108,Bharat Fuel Services,INV/2025-26/1062,333950.0,INR,2025-12-14,UNPAID,Fuel & Energy
INV-0063,2026-02-21,VEND-102,Metro Logistics Solutions,INV/2025-26/1063,353600.0,INR,2026-03-23,UNPAID,Logistics
INV-0064,2025-09-20,VEND-107,Omniware Systems India,INV/2025-26/1064,383050.0,INR,2025-11-04,UNPAID,Software
INV-0065,2026-03-18,VEND-102,Metro Logistics Solutions,INV/2025-26/1065,50150.0,INR,2026-05-02,UNPAID,Logistics
INV-0066,2025-12-29,VEND-106,Kaveri Enterprises Solutions,INV/2025-26/1066,90000.0,INR,2026-01-13,UNPAID,General Operations
INV-0067,2026-04-10,VEND-104,Zephyr Digital Media,INV/2025-26/1067,439800.0,INR,2026-04-25,UNPAID,Marketing
INV-0068,2026-01-13,VEND-107,Omniware Systems India,INV/2025-26/1068,150800.0,INR,2026-02-12,UNPAID,Software
INV-0069,2026-04-07,VEND-104,Zephyr Digital Media,INV/2025-26/1069,62250.0,INR,2026-05-22,UNPAID,Marketing
INV-0070,2026-07-23,VEND-102,Metro Logistics Solutions,INV/2025-26/1070,41900.0,INR,2026-09-06,UNPAID,Logistics
INV-0071,2025-12-23,VEND-101,Cloudnova Technologies Pvt Ltd,INV/2025-26/1071,76900.0,INR,2026-01-07,UNPAID,IT Services
INV-0072,2026-04-27,VEND-107,Omniware Systems India,INV/2025-26/1072,398300.0,INR,2026-05-12,UNPAID,Software
INV-0073,2025-11-16,VEND-107,Omniware Systems India,INV/2025-26/1073,48500.0,INR,2025-12-16,UNPAID,Software
INV-0074,2026-01-06,VEND-101,Cloudnova Technologies Pvt Ltd,INV/2025-26/1074,320300.0,INR,2026-02-05,UNPAID,IT Services
INV-0075,2026-08-15,VEND-105,Trident Supply Chain Solutions,INV/2025-26/1075,347000.0,INR,2026-09-29,UNPAID,Supply Chain
INV-0076,2025-11-11,VEND-109,Sterling Office Supplies,INV/2025-26/1076,399150.0,INR,2025-11-26,UNPAID,Office Supplies
INV-0077,2025-09-22,VEND-105,Trident Supply Chain Solutions,INV/2025-26/1077,178800.0,INR,2025-11-06,UNPAID,Supply Chain
INV-0078,2026-01-31,VEND-109,Sterling Office Supplies,INV/2025-26/1078,50400.0,INR,2026-02-15,UNPAID,Office Supplies
INV-0079,2026-04-25,VEND-101,Cloudnova Technologies Pvt Ltd,INV/2025-26/1079,479050.0,INR,2026-06-09,UNPAID,IT Services
INV-0080,2025-09-22,VEND-109,Sterling Office Supplies,INV/2025-26/1080,129450.0,INR,2025-11-06,UNPAID,Office Supplies
INV-0081,2025-09-28,VEND-102,Metro Logistics Solutions,INV/2025-26/1081,152700.0,INR,2025-11-12,UNPAID,Logistics
INV-0082,2026-03-18,VEND-102,Metro Logistics Solutions,INV/2025-26/1082,193150.0,INR,2026-04-02,UNPAID,Logistics
INV-0083,2026-06-16,VEND-110,Vanguard Security Services,INV/2025-26/1083,202150.0,INR,2026-07-31,UNPAID,Facility & Security
INV-0084,2026-03-26,VEND-101,Cloudnova Technologies Pvt Ltd,INV/2025-26/1084,67650.0,INR,2026-05-10,UNPAID,IT Services
INV-0085,2026-05-18,VEND-110,Vanguard Security Services,INV/2025-26/1085,463500.0,INR,2026-06-17,UNPAID,Facility & Security
INV-0086,2026-08-01,VEND-105,Trident Supply Chain Solutions,INV/2025-26/1086,167800.0,INR,2026-09-15,UNPAID,Supply Chain
INV-0087,2026-01-06,VEND-106,Kaveri Enterprises Solutions,INV/2025-26/1087,196000.0,INR,2026-02-05,UNPAID,General Operations
INV-0088,2026-04-15,VEND-103,Apex Infraworks India,INV/2025-26/1088,246250.0,INR,2026-05-15,UNPAID,Construction
INV-0089,2026-04-15,VEND-102,Metro Logistics Solutions,INV/2025-26/1089,8100.0,INR,2026-05-30,UNPAID,Logistics
INV-0090,2025-09-30,VEND-110,Vanguard Security Services,INV/2025-26/1090,82400.0,INR,2025-11-14,UNPAID,Facility & Security
INV-0091,2026-01-06,VEND-104,Zephyr Digital Media,INV/2025-26/1091,414900.0,INR,2026-01-21,UNPAID,Marketing
INV-0092,2025-12-27,VEND-106,Kaveri Enterprises Solutions,INV/2025-26/1092,56850.0,INR,2026-01-26,UNPAID,General Operations
INV-0093,2026-04-05,VEND-105,Trident Supply Chain Solutions,INV/2025-26/1093,129700.0,INR,2026-05-20,UNPAID,Supply Chain
INV-0094,2025-08-28,VEND-105,Trident Supply Chain Solutions,INV/2025-26/1094,433800.0,INR,2025-10-12,UNPAID,Supply Chain
INV-0095,2026-07-29,VEND-109,Sterling Office Supplies,INV/2025-26/1095,245750.0,INR,2026-08-13,UNPAID,Office Supplies
INV-0096,2025-10-22,VEND-103,Apex Infraworks India,INV/2025-26/1096,217150.0,INR,2025-11-06,UNPAID,Construction
INV-0097,2026-01-10,VEND-109,Sterling Office Supplies,INV/2025-26/1097,127800.0,INR,2026-02-09,UNPAID,Office Supplies
INV-0098,2026-02-15,VEND-110,Vanguard Security Services,INV/2025-26/1098,173000.0,INR,2026-03-02,UNPAID,Facility & Security
INV-0099,2026-05-01,VEND-105,Trident Supply Chain Solutions,INV/2025-26/1099,414500.0,INR,2026-05-31,UNPAID,Supply Chain
INV-0100,2026-07-14,VEND-101,Cloudnova Technologies Pvt Ltd,INV/2025-26/1100,76100.0,INR,2026-08-13,UNPAID,IT Services
INV-0101,2025-08-25,VEND-105,Trident Supply Chain Solutions,INV/2025-26/1101,36600.0,INR,2025-09-24,UNPAID,Supply Chain
INV-0102,2025-11-14,VEND-103,Apex Infraworks India,INV/2025-26/1102,215050.0,INR,2025-12-29,UNPAID,Construction
INV-0103,2026-03-30,VEND-108,Bharat Fuel Services,INV/2025-26/1103,452400.0,INR,2026-05-14,UNPAID,Fuel & Energy
INV-0104,2025-10-01,VEND-101,Cloudnova Technologies Pvt Ltd,INV/2025-26/1104,92100.0,INR,2025-11-15,UNPAID,IT Services
INV-0105,2025-09-11,VEND-103,Apex Infraworks India,INV/2025-26/1105,447400.0,INR,2025-10-11,UNPAID,Construction
INV-0106,2025-11-07,VEND-110,Vanguard Security Services,INV/2025-26/1106,453100.0,INR,2025-12-07,UNPAID,Facility & Security
INV-0107,2026-01-28,VEND-103,Apex Infraworks India,INV/2025-26/1107,34750.0,INR,2026-02-27,UNPAID,Construction
INV-0108,2025-12-09,VEND-101,Cloudnova Technologies Pvt Ltd,INV/2025-26/1108,293600.0,INR,2026-01-23,UNPAID,IT Services
INV-0109,2026-02-21,VEND-104,Zephyr Digital Media,INV/2025-26/1109,84700.0,INR,2026-04-07,UNPAID,Marketing
INV-0110,2026-05-27,VEND-104,Zephyr Digital Media,INV/2025-26/1110,108750.0,INR,2026-01-07,UNPAID,Marketing
INV-0111,2025-09-05,VEND-103,Apex Infraworks India,INV/2025-26/1111,338250.0,INR,2025-09-20,UNPAID,Construction
INV-0112,2026-08-01,VEND-106,Kaveri Enterprises Solutions,INV/2025-26/1112,337750.0,INR,2026-09-15,UNPAID,General Operations
INV-0113,2025-11-13,VEND-104,Zephyr Digital Media,INV/2025-26/1113,219050.0,INR,2025-12-28,UNPAID,Marketing
INV-0114,2025-09-12,VEND-102,Metro Logistics Solutions,INV/2025-26/1114,313850.0,INR,2025-10-12,UNPAID,Logistics
INV-0115,2026-04-16,VEND-104,Zephyr Digital Media,INV/2025-26/1115,163950.0,INR,2026-05-16,UNPAID,Marketing
INV-0116,2025-12-16,VEND-105,Trident Supply Chain Solutions,INV/2025-26/1116,186900.0,INR,2025-12-31,UNPAID,Supply Chain
INV-0117,2026-02-08,VEND-104,Zephyr Digital Media,INV/2025-26/1117,326900.0,INR,2026-03-10,UNPAID,Marketing
INV-0118,2026-02-19,VEND-102,Metro Logistics Solutions,INV/2025-26/1118,229150.0,INR,2026-04-05,UNPAID,Logistics
INV-0119,2026-08-06,VEND-109,Sterling Office Supplies,INV/2025-26/1119,327900.0,INR,2026-09-20,UNPAID,Office Supplies
INV-0120,2025-10-22,VEND-106,Kaveri Enterprises Solutions,INV/2025-26/1120,23100.0,INR,2025-11-21,UNPAID,General Operations
INV-0121,2026-01-06,VEND-103,Apex Infraworks India,INV/2025-26/1121,476100.0,INR,2026-01-21,UNPAID,Construction
INV-0122,2026-04-03,VEND-102,Metro Logistics Solutions,INV/2025-26/1122,489200.0,INR,2026-05-03,UNPAID,Logistics
INV-0123,2026-06-30,VEND-106,Kaveri Enterprises Solutions,INV/2025-26/1123,357950.0,INR,2026-08-14,UNPAID,General Operations
INV-0124,2026-06-15,VEND-102,Metro Logistics Solutions,INV/2025-26/1124,316050.0,INR,2026-06-30,UNPAID,Logistics
INV-0125,2026-04-04,VEND-105,Trident Supply Chain Solutions,INV/2025-26/1125,36850.0,INR,2026-04-19,UNPAID,Supply Chain
INV-0126,2026-08-10,VEND-109,Sterling Office Supplies,INV/2025-26/1126,441550.0,INR,2026-09-24,UNPAID,Office Supplies
INV-0127,2026-04-01,VEND-104,Zephyr Digital Media,INV/2025-26/1127,298850.0,INR,2026-04-16,UNPAID,Marketing
INV-0128,2026-07-29,VEND-106,Kaveri Enterprises Solutions,INV/2025-26/1128,257650.0,INR,2026-08-13,UNPAID,General Operations
INV-0129,2026-01-29,VEND-105,Trident Supply Chain Solutions,INV/2025-26/1129,415900.0,INR,2026-03-15,UNPAID,Supply Chain
INV-0130,2026-03-18,VEND-107,Omniware Systems India,INV/2025-26/1130,267700.0,INR,2026-05-02,UNPAID,Software
INV-0131,2025-10-28,VEND-105,Trident Supply Chain Solutions,INV/2025-26/1131,454650.0,INR,2025-11-12,UNPAID,Supply Chain
INV-0132,2026-08-05,VEND-107,Omniware Systems India,INV/2025-26/1132,311050.0,INR,2026-09-19,UNPAID,Software
INV-0133,2026-01-25,VEND-103,Apex Infraworks India,INV/2025-26/1133,466700.0,INR,2026-02-24,UNPAID,Construction
INV-0134,2026-01-26,VEND-109,Sterling Office Supplies,INV/2025-26/1134,800.0,INR,2026-02-25,UNPAID,Office Supplies
INV-0135,2026-06-16,VEND-104,Zephyr Digital Media,INV/2025-26/1135,352650.0,INR,2026-07-31,UNPAID,Marketing
INV-0136,2026-04-07,VEND-106,Kaveri Enterprises Solutions,INV/2025-26/1136,381400.0,INR,2026-05-07,UNPAID,General Operations
INV-0137,2026-04-23,VEND-104,Zephyr Digital Media,INV/2025-26/1137,419250.0,INR,2026-06-07,UNPAID,Marketing
INV-0138,2026-01-16,VEND-103,Apex Infraworks India,INV/2025-26/1138,69950.0,INR,2026-03-02,UNPAID,Construction
INV-0139,2025-10-10,VEND-110,Vanguard Security Services,INV/2025-26/1139,275050.0,INR,2025-10-25,UNPAID,Facility & Security
INV-0140,2025-12-03,VEND-105,Trident Supply Chain Solutions,INV/2025-26/1140,184500.0,INR,2025-12-18,UNPAID,Supply Chain
INV-0141,2025-12-27,VEND-101,Cloudnova Technologies Pvt Ltd,INV/2025-26/1141,38350.0,INR,2026-01-26,UNPAID,IT Services
INV-0142,2026-04-14,VEND-110,Vanguard Security Services,INV/2025-26/1142,60150.0,INR,2026-05-14,UNPAID,Facility & Security
INV-0143,2026-07-29,VEND-106,Kaveri Enterprises Solutions,INV/2025-26/1143,257650.0,INR,2026-09-14,UNPAID,General Operations
INV-0144,2025-12-26,VEND-108,Bharat Fuel Services,INV/2025-26/1144,327850.0,INR,2026-01-10,UNPAID,Fuel & Energy
INV-0145,2026-03-29,VEND-101,Cloudnova Technologies Pvt Ltd,INV/2025-26/1145,87800.0,INR,2026-04-13,UNPAID,IT Services
INV-0146,2026-04-18,VEND-103,Apex Infraworks India,INV/2025-26/1146,424800.0,INR,2026-05-03,UNPAID,Construction
INV-0147,2025-10-04,VEND-108,Bharat Fuel Services,INV/2025-26/1147,60700.0,INR,2025-11-24,UNPAID,Fuel & Energy
INV-0148,2026-07-31,VEND-103,Apex Infraworks India,INV/2025-26/1148,381100.0,INR,2026-09-14,UNPAID,Construction
INV-0149,2026-02-02,VEND-109,Sterling Office Supplies,INV/2025-26/1149,488250.0,INR,2026-03-04,UNPAID,Office Supplies
INV-0150,2026-03-30,VEND-110,Vanguard Security Services,INV/2025-26/1150,414000.0,INR,2026-05-14,UNPAID,Facility & Security
INV-0151,2026-04-24,VEND-108,Bharat Fuel Services,INV/2025-26/1151,130850.0,INR,2026-05-24,UNPAID,Fuel & Energy
INV-0152,2026-07-16,VEND-105,Trident Supply Chain Solutions,INV/2025-26/1152,203000.0,INR,2026-08-15,UNPAID,Supply Chain
INV-0153,2026-07-10,VEND-109,Sterling Office Supplies,INV/2025-26/1153,397450.0,INR,2026-07-25,UNPAID,Office Supplies
INV-0154,2025-10-02,VEND-105,Trident Supply Chain Solutions,INV/2025-26/1154,360800.0,INR,2025-11-16,UNPAID,Supply Chain
INV-0155,2026-01-10,VEND-105,Trident Supply Chain Solutions,INV/2025-26/1155,192550.0,INR,2026-02-09,UNPAID,Supply Chain
INV-0156,2025-10-04,VEND-106,Kaveri Enterprises Solutions,INV/2025-26/1156,442950.0,INR,2025-10-19,UNPAID,General Operations
INV-0157,2026-03-08,VEND-103,Apex Infraworks India,INV/2025-26/1157,189900.0,INR,2026-04-22,UNPAID,Construction
INV-0158,2025-09-25,VEND-103,Apex Infraworks India,INV/2025-26/1158,175750.0,INR,2025-10-25,UNPAID,Construction
INV-0159,2026-05-28,VEND-107,Omniware Systems India,INV/2025-26/1159,271550.0,INR,2026-06-27,UNPAID,Software
INV-0160,2025-12-07,VEND-107,Omniware Systems India,INV/2025-26/1160,51500.0,INR,2026-01-06,UNPAID,Software
INV-0161,2026-01-14,VEND-108,Bharat Fuel Services,INV/2025-26/1161,334800.0,INR,2026-08-30,UNPAID,Fuel & Energy
INV-0162,2026-04-25,VEND-110,Vanguard Security Services,INV/2025-26/1162,312100.0,INR,2026-05-10,UNPAID,Facility & Security
INV-0163,2026-03-11,VEND-106,Kaveri Enterprises Solutions,INV/2025-26/1163,245100.0,INR,2026-04-10,UNPAID,General Operations
INV-0164,2026-06-28,VEND-109,Sterling Office Supplies,INV/2025-26/1164,447850.0,INR,2026-07-13,UNPAID,Office Supplies
INV-0165,2026-01-10,VEND-108,Bharat Fuel Services,INV/2025-26/1165,180250.0,INR,2026-02-09,UNPAID,Fuel & Energy
INV-0166,2026-03-11,VEND-108,Bharat Fuel Services,INV/2025-26/1166,24250.0,INR,2026-04-10,UNPAID,Fuel & Energy
INV-0167,2026-04-20,VEND-107,Omniware Systems India,INV/2025-26/1167,135700.0,INR,2026-05-05,UNPAID,Software
INV-0168,2025-09-06,VEND-110,Vanguard Security Services,INV/2025-26/1168,438050.0,INR,2025-10-06,UNPAID,Facility & Security
INV-0169,2026-07-29,VEND-110,Vanguard Security Services,INV/2025-26/1169,462800.0,INR,2026-08-13,UNPAID,Facility & Security
INV-0170,2025-11-01,VEND-102,Metro Logistics Solutions,INV/2025-26/1170,351600.0,INR,2025-12-01,UNPAID,Logistics
INV-0171,2026-01-04,VEND-103,Apex Infraworks India,INV/2025-26/1171,41650.0,INR,2026-02-03,UNPAID,Construction
INV-0172,2026-04-13,VEND-106,Kaveri Enterprises Solutions,INV/2025-26/1172,173850.0,INR,2026-05-13,UNPAID,General Operations
INV-0173,2026-01-13,VEND-106,Kaveri Enterprises Solutions,INV/2025-26/1173,311050.0,INR,2026-02-12,UNPAID,General Operations
INV-0174,2026-04-21,VEND-105,Trident Supply Chain Solutions,INV/2025-26/1174,67550.0,INR,2026-05-06,UNPAID,Supply Chain
INV-0175,2026-02-19,VEND-109,Sterling Office Supplies,INV/2025-26/1175,43150.0,INR,2026-03-06,UNPAID,Office Supplies
INV-0176,2025-09-08,VEND-102,Metro Logistics Solutions,INV/2025-26/1176,33450.0,INR,2025-09-23,UNPAID,Logistics
INV-0177,2026-07-08,VEND-104,Zephyr Digital Media,INV/2025-26/1177,17150.0,INR,2026-07-23,UNPAID,Marketing
INV-0178,2026-04-23,VEND-104,Zephyr Digital Media,INV/2025-26/1178,103900.0,INR,2026-06-07,UNPAID,Marketing
INV-0179,2025-12-13,VEND-102,Metro Logistics Solutions,INV/2025-26/1179,462500.0,INR,2026-01-12,UNPAID,Logistics
INV-0180,2025-11-17,VEND-105,Trident Supply Chain Solutions,INV/2025-26/1180,302650.0,INR,2026-01-01,UNPAID,Supply Chain
INV-0181,2025-11-15,VEND-110,Vanguard Security Services,INV/2025-26/1181,94300.0,INR,2025-12-15,UNPAID,Facility & Security
INV-0182,2025-09-06,VEND-102,Metro Logistics Solutions,INV/2025-26/1182,474550.0,INR,2025-10-06,UNPAID,Logistics
INV-0183,2026-03-15,VEND-110,Vanguard Security Services,INV/2025-26/1183,307950.0,INR,2026-04-29,UNPAID,Facility & Security
INV-0184,2026-06-23,VEND-104,Zephyr Digital Media,INV/2025-26/1184,62750.0,INR,2026-08-07,UNPAID,Marketing
INV-0185,2026-08-15,VEND-104,Zephyr Digital Media,INV/2025-26/1185,83950.0,INR,2026-09-14,UNPAID,Marketing
INV-0186,2026-06-09,VEND-110,Vanguard Security Services,INV/2025-26/1186,99650.0,INR,2026-06-24,UNPAID,Facility & Security
INV-0187,2026-03-31,VEND-106,Kaveri Enterprises Solutions,INV/2025-26/1187,436900.0,INR,2026-05-15,UNPAID,General Operations
INV-0188,2026-05-10,VEND-106,Kaveri Enterprises Solutions,INV/2025-26/1188,56950.0,INR,2026-06-24,UNPAID,General Operations
INV-0189,2026-03-27,VEND-106,Kaveri Enterprises Solutions,INV/2025-26/1189,10850.0,INR,2026-04-26,UNPAID,General Operations
INV-0190,2026-02-25,VEND-102,Metro Logistics Solutions,INV/2025-26/1190,355600.0,INR,2026-04-11,UNPAID,Logistics
INV-0191,2026-04-03,VEND-108,Bharat Fuel Services,INV/2025-26/1191,125800.0,INR,2026-04-18,UNPAID,Fuel & Energy
INV-0192,2026-07-05,VEND-109,Sterling Office Supplies,INV/2025-26/1192,221750.0,INR,2026-08-19,UNPAID,Office Supplies
INV-0193,2026-04-04,VEND-108,Bharat Fuel Services,INV/2025-26/1193,381300.0,INR,2026-05-19,UNPAID,Fuel & Energy
INV-0194,2026-02-05,VEND-110,Vanguard Security Services,INV/2025-26/1194,220350.0,INR,2026-02-20,UNPAID,Facility & Security
INV-0195,2026-04-11,VEND-102,Metro Logistics Solutions,INV/2025-26/1195,228950.0,INR,2026-04-26,UNPAID,Logistics
INV-0196,2026-07-02,VEND-108,Bharat Fuel Services,INV/2025-26/1196,467300.0,INR,2026-08-16,UNPAID,Fuel & Energy
INV-0197,2025-09-07,VEND-107,Omniware Systems India,INV/2025-26/1197,276050.0,INR,2025-10-07,UNPAID,Software
INV-0198,2026-04-30,VEND-106,Kaveri Enterprises Solutions,INV/2025-26/1198,149450.0,INR,2026-05-15,UNPAID,General Operations
INV-0199,2025-10-09,VEND-105,Trident Supply Chain Solutions,INV/2025-26/1199,186850.0,INR,2026-03-16,UNPAID,Supply Chain
INV-0200,2026-06-04,VEND-110,Vanguard Security Services,INV/2025-26/1200,226800.0,INR,2026-06-19,UNPAID,Facility & Security
INV-0201,2025-10-06,VEND-109,Sterling Office Supplies,INV/2025-26/1201,157000.0,INR,2025-10-21,UNPAID,Office Supplies
INV-0202,2026-06-04,VEND-107,Omniware Systems India,INV/2025-26/1202,400700.0,INR,2026-06-19,UNPAID,Software
INV-0203,2026-04-10,VEND-108,Bharat Fuel Services,INV/2025-26/1203,402550.0,INR,2026-04-25,UNPAID,Fuel & Energy
INV-0204,2025-12-15,VEND-102,Metro Logistics Solutions,INV/2025-26/1204,241500.0,INR,2026-01-14,UNPAID,Logistics
INV-0205,2026-07-29,VEND-104,Zephyr Digital Media,INV/2025-26/1205,251300.0,INR,2026-09-12,UNPAID,Marketing
INV-0206,2026-06-03,VEND-106,Kaveri Enterprises Solutions,INV/2025-26/1206,388150.0,INR,2026-07-18,UNPAID,General Operations
INV-0207,2026-06-01,VEND-106,Kaveri Enterprises Solutions,INV/2025-26/1207,349050.0,INR,2026-07-01,UNPAID,General Operations
INV-0208,2026-01-09,VEND-106,Kaveri Enterprises Solutions,INV/2025-26/1208,372200.0,INR,2026-02-08,UNPAID,General Operations
INV-0209,2025-10-24,VEND-105,Trident Supply Chain Solutions,INV/2025-26/1209,189350.0,INR,2025-12-08,UNPAID,Supply Chain
INV-0210,2025-10-24,VEND-104,Zephyr Digital Media,INV/2025-26/1210,258950.0,INR,2025-12-08,UNPAID,Marketing
INV-0211,2025-11-30,VEND-109,Sterling Office Supplies,INV/2025-26/1211,152150.0,INR,2025-12-15,UNPAID,Office Supplies
INV-0212,2026-06-21,VEND-108,Bharat Fuel Services,INV/2025-26/1212,227000.0,INR,2026-08-05,UNPAID,Fuel & Energy
INV-0213,2025-10-14,VEND-110,Vanguard Security Services,INV/2025-26/1213,232300.0,INR,2025-10-29,UNPAID,Facility & Security
INV-0214,2026-02-24,VEND-105,Trident Supply Chain Solutions,INV/2025-26/1214,186850.0,INR,2026-03-11,UNPAID,Supply Chain
INV-0215,2026-05-24,VEND-105,Trident Supply Chain Solutions,INV/2025-26/1215,12050.0,INR,2026-06-08,UNPAID,Supply Chain
INV-0216,2025-09-20,VEND-105,Trident Supply Chain Solutions,INV/2025-26/1216,37750.0,INR,2025-11-04,UNPAID,Supply Chain
INV-0217,2026-07-16,VEND-105,Trident Supply Chain Solutions,INV/2025-26/1217,103900.0,INR,2026-08-15,UNPAID,Supply Chain
INV-0218,2026-06-13,VEND-102,Metro Logistics Solutions,INV/2025-26/1218,10500.0,INR,2026-07-13,UNPAID,Logistics
INV-0219,2026-04-06,VEND-108,Bharat Fuel Services,INV/2025-26/1219,392650.0,INR,2026-05-06,UNPAID,Fuel & Energy
INV-0220,2025-12-31,VEND-103,Apex Infraworks India,INV/2025-26/1220,42550.0,INR,2026-01-30,UNPAID,Construction
INV-0221,2026-03-17,VEND-102,Metro Logistics Solutions,INV/2025-26/1221,54000.0,INR,2026-04-16,UNPAID,Logistics
INV-0222,2026-07-12,VEND-102,Metro Logistics Solutions,INV/2025-26/1222,473150.0,INR,2026-08-26,UNPAID,Logistics
INV-0223,2025-11-08,VEND-101,Cloudnova Technologies Pvt Ltd,INV/2025-26/1223,124750.0,INR,2025-12-23,UNPAID,IT Services
INV-0224,2025-12-29,VEND-105,Trident Supply Chain Solutions,INV/2025-26/1224,70250.0,INR,2026-01-13,UNPAID,Supply Chain
INV-0225,2026-06-30,VEND-109,Sterling Office Supplies,INV/2025-26/1225,341400.0,INR,2026-08-14,UNPAID,Office Supplies
INV-0226,2026-05-18,VEND-110,Vanguard Security Services,INV/2025-26/1226,185350.0,INR,2026-06-17,UNPAID,Facility & Security
INV-0227,2026-01-23,VEND-108,Bharat Fuel Services,INV/2025-26/1227,363150.0,INR,2026-03-09,UNPAID,Fuel & Energy
INV-0228,2026-06-11,VEND-107,Omniware Systems India,INV/2025-26/1228,250650.0,INR,2026-07-26,UNPAID,Software
INV-0229,2025-10-13,VEND-101,Cloudnova Technologies Pvt Ltd,INV/2025-26/1229,499900.0,INR,2025-10-28,UNPAID,IT Services
INV-0230,2026-07-28,VEND-104,Zephyr Digital Media,INV/2025-26/1230,217250.0,INR,2026-08-12,UNPAID,Marketing
INV-0231,2025-11-20,VEND-103,Apex Infraworks India,INV/2025-26/1231,196950.0,INR,2026-01-04,UNPAID,Construction
INV-0232,2025-08-25,VEND-102,Metro Logistics Solutions,INV/2025-26/1232,128700.0,INR,2025-09-24,UNPAID,Logistics
INV-0233,2026-04-21,VEND-108,Bharat Fuel Services,INV/2025-26/1233,486950.0,INR,2026-05-21,UNPAID,Fuel & Energy
INV-0234,2026-01-18,VEND-101,Cloudnova Technologies Pvt Ltd,INV/2025-26/1234,190100.0,INR,2026-03-04,UNPAID,IT Services
INV-0235,2025-09-29,VEND-105,Trident Supply Chain Solutions,INV/2025-26/1235,372400.0,INR,2025-11-13,UNPAID,Supply Chain
INV-0236,2026-07-10,VEND-104,Zephyr Digital Media,INV/2025-26/1236,217200.0,INR,2026-08-24,UNPAID,Marketing
INV-0237,2025-10-21,VEND-104,Zephyr Digital Media,INV/2025-26/1237,348750.0,INR,2025-12-05,UNPAID,Marketing
INV-0238,2026-01-07,VEND-104,Zephyr Digital Media,INV/2025-26/1238,122550.0,INR,2026-01-22,UNPAID,Marketing
INV-0239,2025-11-16,VEND-102,Metro Logistics Solutions,INV/2025-26/1239,49350.0,INR,2025-12-16,UNPAID,Logistics
INV-0240,2026-01-18,VEND-110,Vanguard Security Services,INV/2025-26/1240,466750.0,INR,2026-02-17,UNPAID,Facility & Security
INV-0241,2026-08-11,VEND-102,Metro Logistics Solutions,INV/2025-26/1241,384450.0,INR,2026-09-10,UNPAID,Logistics
INV-0242,2026-05-07,VEND-107,Omniware Systems India,INV/2025-26/1242,223500.0,INR,2026-06-21,UNPAID,Software
INV-0243,2025-10-04,VEND-108,Bharat Fuel Services,INV/2025-26/1243,359100.0,INR,2025-11-18,UNPAID,Fuel & Energy
INV-0244,2026-02-05,VEND-101,Cloudnova Technologies Pvt Ltd,INV/2025-26/1244,354400.0,INR,2026-03-22,UNPAID,IT Services
INV-0245,2025-10-09,VEND-105,Trident Supply Chain Solutions,INV/2025-26/1245,21650.0,INR,2025-10-24,UNPAID,Supply Chain
INV-0246,2025-09-03,VEND-110,Vanguard Security Services,INV/2025-26/1246,481450.0,INR,2025-10-18,UNPAID,Facility & Security
INV-0247,2025-09-13,VEND-105,Trident Supply Chain Solutions,INV/2025-26/1247,472550.0,INR,2025-09-28,UNPAID,Supply Chain
INV-0248,2026-07-23,VEND-108,Bharat Fuel Services,INV/2025-26/1248,425600.0,INR,2026-08-22,UNPAID,Fuel & Energy
INV-0249,2026-06-19,VEND-105,Trident Supply Chain Solutions,INV/2025-26/1249,149150.0,INR,2026-07-19,UNPAID,Supply Chain
INV-0250,2026-04-21,VEND-108,Bharat Fuel Services,INV/2025-26/1250,75200.0,INR,2026-05-21,UNPAID,Fuel & Energy
INV-0251,2026-02-04,VEND-107,Omniware Systems India,INV/2025-26/1251,273500.0,INR,2026-03-21,UNPAID,Software
INV-0252,2026-03-30,VEND-108,Bharat Fuel Services,INV/2025-26/1252,452400.0,INR,2026-03-10,UNPAID,Fuel & Energy
INV-0253,2026-07-29,VEND-108,Bharat Fuel Services,INV/2025-26/1253,236600.0,INR,2026-08-28,UNPAID,Fuel & Energy
INV-0254,2026-04-13,VEND-109,Sterling Office Supplies,INV/2025-26/1254,30550.0,INR,2026-04-28,UNPAID,Office Supplies
INV-0255,2026-02-05,VEND-106,Kaveri Enterprises Solutions,INV/2025-26/1255,207250.0,INR,2026-02-20,UNPAID,General Operations
INV-0256,2026-01-10,VEND-105,Trident Supply Chain Solutions,INV/2025-26/1256,417350.0,INR,2025-10-08,UNPAID,Supply Chain
INV-0257,2026-03-23,VEND-109,Sterling Office Supplies,INV/2025-26/1257,378950.0,INR,2026-04-07,UNPAID,Office Supplies
INV-0258,2026-02-25,VEND-104,Zephyr Digital Media,INV/2025-26/1258,425200.0,INR,2026-04-11,UNPAID,Marketing
INV-0259,2025-09-19,VEND-108,Bharat Fuel Services,INV/2025-26/1259,362600.0,INR,2025-10-04,UNPAID,Fuel & Energy
INV-0260,2025-10-30,VEND-105,Trident Supply Chain Solutions,INV/2025-26/1260,450400.0,INR,2025-11-29,UNPAID,Supply Chain
INV-0261,2025-10-25,VEND-108,Bharat Fuel Services,INV/2025-26/1261,397550.0,INR,2025-11-09,UNPAID,Fuel & Energy
INV-0262,2025-11-13,VEND-110,Vanguard Security Services,INV/2025-26/1262,196500.0,INR,2025-12-13,UNPAID,Facility & Security
INV-0263,2026-06-02,VEND-109,Sterling Office Supplies,INV/2025-26/1263,11700.0,INR,2026-07-02,UNPAID,Office Supplies
INV-0264,2025-10-21,VEND-102,Metro Logistics Solutions,INV/2025-26/1264,184550.0,INR,2025-11-20,UNPAID,Logistics
INV-0265,2026-05-06,VEND-102,Metro Logistics Solutions,INV/2025-26/1265,126600.0,INR,2026-06-20,UNPAID,Logistics
INV-0266,2026-01-10,VEND-105,Trident Supply Chain Solutions,INV/2025-26/1266,417350.0,INR,2026-02-09,UNPAID,Supply Chain
INV-0267,2025-12-26,VEND-108,Bharat Fuel Services,INV/2025-26/1267,387300.0,INR,2026-01-25,UNPAID,Fuel & Energy
INV-0268,2026-03-08,VEND-109,Sterling Office Supplies,INV/2025-26/1268,118950.0,INR,2026-03-23,UNPAID,Office Supplies
INV-0269,2025-11-01,VEND-110,Vanguard Security Services,INV/2025-26/1269,416850.0,INR,2025-11-16,UNPAID,Facility & Security
INV-0270,2026-02-14,VEND-105,Trident Supply Chain Solutions,INV/2025-26/1270,340400.0,INR,2026-03-31,UNPAID,Supply Chain
INV-0271,2026-01-15,VEND-105,Trident Supply Chain Solutions,INV/2025-26/1271,2600.0,INR,2026-03-01,UNPAID,Supply Chain
INV-0272,2026-06-16,VEND-105,Trident Supply Chain Solutions,INV/2025-26/1272,481300.0,INR,2026-07-31,UNPAID,Supply Chain
INV-0273,2026-04-09,VEND-108,Bharat Fuel Services,INV/2025-26/1273,122200.0,INR,2026-05-24,UNPAID,Fuel & Energy
INV-0274,2026-02-10,VEND-108,Bharat Fuel Services,INV/2025-26/1274,283200.0,INR,2026-03-27,UNPAID,Fuel & Energy
INV-0275,2026-04-14,VEND-109,Sterling Office Supplies,INV/2025-26/1275,309500.0,INR,2026-05-14,UNPAID,Office Supplies
INV-0276,2026-06-12,VEND-104,Zephyr Digital Media,INV/2025-26/1276,196100.0,INR,2026-07-12,UNPAID,Marketing
INV-0277,2025-09-15,VEND-104,Zephyr Digital Media,INV/2025-26/1277,337000.0,INR,2025-10-15,UNPAID,Marketing
INV-0278,2026-03-09,VEND-108,Bharat Fuel Services,INV/2025-26/1278,312800.0,INR,2026-04-23,UNPAID,Fuel & Energy
INV-0279,2025-09-11,VEND-103,Apex Infraworks India,INV/2025-26/1279,406250.0,INR,2025-09-26,UNPAID,Construction
INV-0280,2026-02-09,VEND-109,Sterling Office Supplies,INV/2025-26/1280,483950.0,INR,2026-02-24,UNPAID,Office Supplies
INV-0281,2026-05-20,VEND-108,Bharat Fuel Services,INV/2025-26/1281,82150.0,INR,2026-06-19,UNPAID,Fuel & Energy
INV-0282,2026-03-21,VEND-101,Cloudnova Technologies Pvt Ltd,INV/2025-26/1282,118550.0,INR,2026-05-05,UNPAID,IT Services
INV-0283,2026-04-21,VEND-103,Apex Infraworks India,INV/2025-26/1283,61750.0,INR,2026-05-21,UNPAID,Construction
INV-0284,2026-07-22,VEND-106,Kaveri Enterprises Solutions,INV/2025-26/1284,326100.0,INR,2026-08-06,UNPAID,General Operations
INV-0285,2026-03-06,VEND-106,Kaveri Enterprises Solutions,INV/2025-26/1285,437600.0,INR,2026-04-05,UNPAID,General Operations
INV-0286,2025-09-11,VEND-108,Bharat Fuel Services,INV/2025-26/1286,443700.0,INR,2025-10-26,UNPAID,Fuel & Energy
INV-0287,2026-07-13,VEND-102,Metro Logistics Solutions,INV/2025-26/1287,192800.0,INR,2026-08-27,UNPAID,Logistics
INV-0288,2025-10-09,VEND-105,Trident Supply Chain Solutions,INV/2025-26/1288,186850.0,INR,2025-11-08,UNPAID,Supply Chain
INV-0289,2026-04-08,VEND-102,Metro Logistics Solutions,INV/2025-26/1289,82800.0,INR,2026-04-23,UNPAID,Logistics
INV-0290,2025-09-16,VEND-105,Trident Supply Chain Solutions,INV/2025-26/1290,24200.0,INR,2025-10-16,UNPAID,Supply Chain
INV-0291,2026-02-23,VEND-101,Cloudnova Technologies Pvt Ltd,INV/2025-26/1291,240800.0,INR,2026-03-25,UNPAID,IT Services
INV-0292,2025-12-27,VEND-107,Omniware Systems India,INV/2025-26/1292,119750.0,INR,2026-02-10,UNPAID,Software
INV-0293,2026-08-08,VEND-107,Omniware Systems India,INV/2025-26/1293,464100.0,INR,2026-08-23,UNPAID,Software
INV-0294,2025-10-03,VEND-103,Apex Infraworks India,INV/2025-26/1294,143900.0,INR,2025-11-17,UNPAID,Construction
INV-0295,2026-05-05,VEND-107,Omniware Systems India,INV/2025-26/1295,197750.0,INR,2026-06-19,UNPAID,Software
INV-0296,2026-04-17,VEND-103,Apex Infraworks India,INV/2025-26/1296,190700.0,INR,2026-06-01,UNPAID,Construction
INV-0297,2026-01-01,VEND-105,Trident Supply Chain Solutions,INV/2025-26/1297,376950.0,INR,2026-02-15,UNPAID,Supply Chain
INV-0298,2026-01-18,VEND-101,Cloudnova Technologies Pvt Ltd,INV/2025-26/1298,381600.0,INR,2026-03-04,UNPAID,IT Services
INV-0299,2025-09-30,VEND-109,Sterling Office Supplies,INV/2025-26/1299,129900.0,INR,2025-10-30,UNPAID,Office Supplies
INV-0300,2026-01-24,VEND-106,Kaveri Enterprises Solutions,INV/2025-26/1300,481800.0,INR,2026-03-10,UNPAID,General Operations
INV-0301,2026-04-14,VEND-107,Omniware Systems India,INV/2025-26/1301,205350.0,INR,2026-05-14,UNPAID,Software
INV-0302,2026-04-28,VEND-104,Zephyr Digital Media,INV/2025-26/1302,315600.0,INR,2026-05-13,UNPAID,Marketing
INV-0303,2026-06-12,VEND-104,Zephyr Digital Media,INV/2025-26/1303,312900.0,INR,2026-07-12,UNPAID,Marketing
INV-0304,2026-08-17,VEND-110,Vanguard Security Services,INV/2025-26/1304,242850.0,INR,2026-09-16,UNPAID,Facility & Security
INV-0305,2026-01-11,VEND-101,Cloudnova Technologies Pvt Ltd,INV/2025-26/1305,324700.0,INR,2026-01-26,UNPAID,IT Services
INV-0306,2026-06-30,VEND-110,Vanguard Security Services,INV/2025-26/1306,40650.0,INR,2026-08-14,UNPAID,Facility & Security
INV-0307,2025-12-19,VEND-108,Bharat Fuel Services,INV/2025-26/1307,234950.0,INR,2026-02-02,UNPAID,Fuel & Energy
INV-0308,2026-07-15,VEND-106,Kaveri Enterprises Solutions,INV/2025-26/1308,179900.0,INR,2026-07-30,UNPAID,General Operations
INV-0309,2026-08-06,VEND-110,Vanguard Security Services,INV/2025-26/1309,205800.0,INR,2026-09-20,UNPAID,Facility & Security
INV-0310,2026-07-11,VEND-103,Apex Infraworks India,INV/2025-26/1310,80050.0,INR,2026-08-25,UNPAID,Construction
INV-0311,2026-04-06,VEND-101,Cloudnova Technologies Pvt Ltd,INV/2025-26/1311,253550.0,INR,2026-04-21,UNPAID,IT Services
INV-0312,2025-10-30,VEND-110,Vanguard Security Services,INV/2025-26/1312,299350.0,INR,2025-11-14,UNPAID,Facility & Security
INV-0313,2026-03-24,VEND-105,Trident Supply Chain Solutions,INV/2025-26/1313,268100.0,INR,2026-04-08,UNPAID,Supply Chain
INV-0314,2026-05-27,VEND-104,Zephyr Digital Media,INV/2025-26/1314,108750.0,INR,2026-06-26,UNPAID,Marketing
INV-0315,2026-01-10,VEND-109,Sterling Office Supplies,INV/2025-26/1315,411550.0,INR,2026-01-25,UNPAID,Office Supplies
INV-0316,2026-01-22,VEND-105,Trident Supply Chain Solutions,INV/2025-26/1316,395200.0,INR,2026-03-08,UNPAID,Supply Chain
INV-0317,2026-04-20,VEND-106,Kaveri Enterprises Solutions,INV/2025-26/1317,94800.0,INR,2026-05-05,UNPAID,General Operations
INV-0318,2026-08-05,VEND-103,Apex Infraworks India,INV/2025-26/1318,185300.0,INR,2026-09-19,UNPAID,Construction
INV-0319,2026-02-27,VEND-107,Omniware Systems India,INV/2025-26/1319,457050.0,INR,2026-03-14,UNPAID,Software
INV-0320,2026-01-06,VEND-107,Omniware Systems India,INV/2025-26/1320,11900.0,INR,2026-02-20,UNPAID,Software
INV-0321,2026-02-28,VEND-102,Metro Logistics Solutions,INV/2025-26/1321,373050.0,INR,2026-04-14,UNPAID,Logistics
INV-0322,2026-03-07,VEND-105,Trident Supply Chain Solutions,INV/2025-26/1322,479350.0,INR,2026-04-21,UNPAID,Supply Chain
INV-0323,2026-08-04,VEND-106,Kaveri Enterprises Solutions,INV/2025-26/1323,89250.0,INR,2026-08-19,UNPAID,General Operations
INV-0324,2026-07-07,VEND-108,Bharat Fuel Services,INV/2025-26/1324,21000.0,INR,2026-08-21,UNPAID,Fuel & Energy
INV-0325,2026-07-21,VEND-106,Kaveri Enterprises Solutions,INV/2025-26/1325,181800.0,INR,2026-08-05,UNPAID,General Operations
INV-0326,2026-07-22,VEND-108,Bharat Fuel Services,INV/2025-26/1326,248050.0,INR,2026-08-21,UNPAID,Fuel & Energy
INV-0327,2025-09-16,VEND-102,Metro Logistics Solutions,INV/2025-26/1327,115000.0,INR,2025-10-01,UNPAID,Logistics
INV-0328,2025-10-22,VEND-105,Trident Supply Chain Solutions,INV/2025-26/1328,404050.0,INR,2025-11-06,UNPAID,Supply Chain
INV-0329,2025-11-01,VEND-104,Zephyr Digital Media,INV/2025-26/1329,440850.0,INR,2025-12-01,UNPAID,Marketing
INV-0330,2026-08-02,VEND-108,Bharat Fuel Services,INV/2025-26/1330,304400.0,INR,2026-09-16,UNPAID,Fuel & Energy
INV-0331,2026-06-20,VEND-109,Sterling Office Supplies,INV/2025-26/1331,343800.0,INR,2026-08-04,UNPAID,Office Supplies
INV-0332,2026-07-25,VEND-103,Apex Infraworks India,INV/2025-26/1332,340350.0,INR,2026-08-09,UNPAID,Construction
INV-0333,2026-01-14,VEND-108,Bharat Fuel Services,INV/2025-26/1333,334800.0,INR,2026-01-29,UNPAID,Fuel & Energy
INV-0334,2026-04-08,VEND-106,Kaveri Enterprises Solutions,INV/2025-26/1334,178450.0,INR,2026-05-08,UNPAID,General Operations
INV-0335,2025-10-13,VEND-104,Zephyr Digital Media,INV/2025-26/1335,297600.0,INR,2025-11-27,UNPAID,Marketing
INV-0336,2026-07-20,VEND-106,Kaveri Enterprises Solutions,INV/2025-26/1336,446500.0,INR,2026-08-19,UNPAID,General Operations
INV-0337,2026-01-12,VEND-101,Cloudnova Technologies Pvt Ltd,INV/2025-26/1337,326650.0,INR,2026-01-27,UNPAID,IT Services
INV-0338,2025-10-09,VEND-102,Metro Logistics Solutions,INV/2025-26/1338,373000.0,INR,2025-11-23,UNPAID,Logistics
INV-0339,2025-09-03,VEND-104,Zephyr Digital Media,INV/2025-26/1339,489650.0,INR,2025-09-18,UNPAID,Marketing
INV-0340,2025-10-27,VEND-106,Kaveri Enterprises Solutions,INV/2025-26/1340,200000.0,INR,2025-12-11,UNPAID,General Operations
INV-0341,2026-06-03,VEND-104,Zephyr Digital Media,INV/2025-26/1341,56700.0,INR,2026-06-18,UNPAID,Marketing
INV-0342,2025-12-21,VEND-110,Vanguard Security Services,INV/2025-26/1342,177400.0,INR,2026-01-20,UNPAID,Facility & Security
INV-0343,2025-08-25,VEND-103,Apex Infraworks India,INV/2025-26/1343,488700.0,INR,2025-09-24,UNPAID,Construction
INV-0344,2026-05-27,VEND-103,Apex Infraworks India,INV/2025-26/1344,106950.0,INR,2026-06-26,UNPAID,Construction
INV-0345,2026-07-28,VEND-103,Apex Infraworks India,INV/2025-26/1345,90550.0,INR,2026-08-12,UNPAID,Construction
INV-0346,2026-02-23,VEND-103,Apex Infraworks India,INV/2025-26/1346,12650.0,INR,2026-03-10,UNPAID,Construction
INV-0347,2025-09-01,VEND-110,Vanguard Security Services,INV/2025-26/1347,265700.0,INR,2025-09-16,UNPAID,Facility & Security
INV-0348,2025-10-27,VEND-105,Trident Supply Chain Solutions,INV/2025-26/1348,43400.0,INR,2025-12-11,UNPAID,Supply Chain
INV-0349,2025-10-21,VEND-107,Omniware Systems India,INV/2025-26/1349,431450.0,INR,2025-12-05,UNPAID,Software
INV-0350,2026-04-10,VEND-102,Metro Logistics Solutions,INV/2025-26/1350,390600.0,INR,2026-05-10,UNPAID,Logistics
INV-0351,2025-10-18,VEND-109,Sterling Office Supplies,INV/2025-26/1351,486800.0,INR,2025-11-17,UNPAID,Office Supplies
INV-0352,2026-07-04,VEND-109,Sterling Office Supplies,INV/2025-26/1352,181950.0,INR,2026-07-19,UNPAID,Office Supplies
INV-0353,2026-04-15,VEND-109,Sterling Office Supplies,INV/2025-26/1353,247550.0,INR,2026-05-30,UNPAID,Office Supplies
INV-0354,2026-04-26,VEND-101,Cloudnova Technologies Pvt Ltd,INV/2025-26/1354,50300.0,INR,2026-05-26,UNPAID,IT Services
INV-0355,2026-05-02,VEND-107,Omniware Systems India,INV/2025-26/1355,88900.0,INR,2026-06-16,UNPAID,Software
INV-0356,2025-10-04,VEND-108,Bharat Fuel Services,INV/2025-26/1356,60700.0,INR,2025-11-03,UNPAID,Fuel & Energy
INV-0357,2025-09-26,VEND-110,Vanguard Security Services,INV/2025-26/1357,122000.0,INR,2025-10-11,UNPAID,Facility & Security
INV-0358,2026-05-31,VEND-105,Trident Supply Chain Solutions,INV/2025-26/1358,480000.0,INR,2026-07-15,UNPAID,Supply Chain
INV-0359,2026-06-25,VEND-106,Kaveri Enterprises Solutions,INV/2025-26/1359,312500.0,INR,2026-08-09,UNPAID,General Operations
INV-0360,2026-05-09,VEND-105,Trident Supply Chain Solutions,INV/2025-26/1360,372150.0,INR,2026-06-23,UNPAID,Supply Chain
INV-0361,2026-01-10,VEND-101,Cloudnova Technologies Pvt Ltd,INV/2025-26/1361,272400.0,INR,2026-09-02,UNPAID,IT Services
INV-0362,2026-04-01,VEND-109,Sterling Office Supplies,INV/2025-26/1362,176600.0,INR,2026-05-01,UNPAID,Office Supplies
INV-0363,2026-02-13,VEND-104,Zephyr Digital Media,INV/2025-26/1363,339450.0,INR,2026-03-15,UNPAID,Marketing
INV-0364,2025-10-11,VEND-107,Omniware Systems India,INV/2025-26/1364,341250.0,INR,2025-11-10,UNPAID,Software
INV-0365,2026-07-30,VEND-107,Omniware Systems India,INV/2025-26/1365,256500.0,INR,2026-08-29,UNPAID,Software
INV-0366,2026-08-10,VEND-106,Kaveri Enterprises Solutions,INV/2025-26/1366,125500.0,INR,2026-09-09,UNPAID,General Operations
INV-0367,2025-10-06,VEND-102,Metro Logistics Solutions,INV/2025-26/1367,75200.0,INR,2025-10-21,UNPAID,Logistics
INV-0368,2026-03-02,VEND-107,Omniware Systems India,INV/2025-26/1368,79600.0,INR,2026-03-17,UNPAID,Software
INV-0369,2026-06-20,VEND-109,Sterling Office Supplies,INV/2025-26/1369,49600.0,INR,2026-08-04,UNPAID,Office Supplies
INV-0370,2026-08-02,VEND-109,Sterling Office Supplies,INV/2025-26/1370,270500.0,INR,2026-08-17,UNPAID,Office Supplies
INV-0371,2026-07-30,VEND-107,Omniware Systems India,INV/2025-26/1371,290150.0,INR,2026-08-29,UNPAID,Software
INV-0372,2026-06-27,VEND-101,Cloudnova Technologies Pvt Ltd,INV/2025-26/1372,236100.0,INR,2026-07-27,UNPAID,IT Services
INV-0373,2026-06-15,VEND-106,Kaveri Enterprises Solutions,INV/2025-26/1373,85350.0,INR,2026-07-30,UNPAID,General Operations
INV-0374,2026-07-26,VEND-104,Zephyr Digital Media,INV/2025-26/1374,127250.0,INR,2026-08-25,UNPAID,Marketing
INV-0375,2026-02-19,VEND-104,Zephyr Digital Media,INV/2025-26/1375,89150.0,INR,2026-04-05,UNPAID,Marketing
INV-0376,2026-01-13,VEND-106,Kaveri Enterprises Solutions,INV/2025-26/1376,94600.0,INR,2026-02-27,UNPAID,General Operations
INV-0377,2025-10-22,VEND-103,Apex Infraworks India,INV/2025-26/1377,217150.0,INR,2026-07-22,UNPAID,Construction
INV-0378,2025-09-06,VEND-110,Vanguard Security Services,INV/2025-26/1378,456550.0,INR,2025-10-21,UNPAID,Facility & Security
INV-0379,2025-11-24,VEND-105,Trident Supply Chain Solutions,INV/2025-26/1379,24200.0,INR,2025-12-24,UNPAID,Supply Chain
INV-0380,2026-02-19,VEND-105,Trident Supply Chain Solutions,INV/2025-26/1380,278850.0,INR,2026-03-06,UNPAID,Supply Chain
INV-0381,2026-06-09,VEND-103,Apex Infraworks India,INV/2025-26/1381,117850.0,INR,2026-07-24,UNPAID,Construction
INV-0382,2025-11-04,VEND-107,Omniware Systems India,INV/2025-26/1382,57500.0,INR,2025-12-19,UNPAID,Software
INV-0383,2026-05-22,VEND-101,Cloudnova Technologies Pvt Ltd,INV/2025-26/1383,75650.0,INR,2026-06-06,UNPAID,IT Services
INV-0384,2026-04-13,VEND-107,Omniware Systems India,INV/2025-26/1384,344400.0,INR,2026-05-13,UNPAID,Software
INV-0385,2026-01-30,VEND-103,Apex Infraworks India,INV/2025-26/1385,303600.0,INR,2026-03-16,UNPAID,Construction
INV-0386,2026-06-25,VEND-106,Kaveri Enterprises Solutions,INV/2025-26/1386,465450.0,INR,2026-07-10,UNPAID,General Operations
INV-0387,2025-11-12,VEND-101,Cloudnova Technologies Pvt Ltd,INV/2025-26/1387,127950.0,INR,2025-12-27,UNPAID,IT Services
INV-0388,2026-01-10,VEND-101,Cloudnova Technologies Pvt Ltd,INV/2025-26/1388,67300.0,INR,2026-02-09,UNPAID,IT Services
INV-0389,2026-06-30,VEND-107,Omniware Systems India,INV/2025-26/1389,398350.0,INR,2026-07-30,UNPAID,Software
INV-0390,2025-12-12,VEND-107,Omniware Systems India,INV/2025-26/1390,224250.0,INR,2026-01-26,UNPAID,Software
INV-0391,2026-04-01,VEND-102,Metro Logistics Solutions,INV/2025-26/1391,283250.0,INR,2026-04-16,UNPAID,Logistics
INV-0392,2026-04-30,VEND-105,Trident Supply Chain Solutions,INV/2025-26/1392,486350.0,INR,2026-06-14,UNPAID,Supply Chain
INV-0393,2025-12-14,VEND-105,Trident Supply Chain Solutions,INV/2025-26/1393,37700.0,INR,2026-01-13,UNPAID,Supply Chain
INV-0394,2025-08-27,VEND-110,Vanguard Security Services,INV/2025-26/1394,45350.0,INR,2025-09-11,UNPAID,Facility & Security
INV-0395,2025-11-02,VEND-105,Trident Supply Chain Solutions,INV/2025-26/1395,173500.0,INR,2025-12-02,UNPAID,Supply Chain
INV-0396,2025-10-24,VEND-105,Trident Supply Chain Solutions,INV/2025-26/1396,269250.0,INR,2025-11-08,UNPAID,Supply Chain
INV-0397,2026-01-26,VEND-109,Sterling Office Supplies,INV/2025-26/1397,800.0,INR,2025-12-06,UNPAID,Office Supplies
INV-0398,2026-08-19,VEND-107,Omniware Systems India,INV/2025-26/1398,436750.0,INR,2026-09-03,UNPAID,Software
INV-0399,2026-08-01,VEND-109,Sterling Office Supplies,INV/2025-26/1399,458200.0,INR,2026-08-31,UNPAID,Office Supplies
INV-0400,2025-09-14,VEND-102,Metro Logistics Solutions,INV/2025-26/1400,325750.0,INR,2025-10-14,UNPAID,Logistics
INV-0401,2025-10-02,VEND-101,Cloudnova Technologies Pvt Ltd,INV/2025-26/1401,377100.0,INR,2025-11-01,UNPAID,IT Services
INV-0402,2026-06-13,VEND-110,Vanguard Security Services,INV/2025-26/1402,352150.0,INR,2026-07-13,UNPAID,Facility & Security
INV-0403,2025-10-21,VEND-107,Omniware Systems India,INV/2025-26/1403,237650.0,INR,2025-11-20,UNPAID,Software
INV-0404,2025-11-19,VEND-101,Cloudnova Technologies Pvt Ltd,INV/2025-26/1404,266550.0,INR,2026-01-03,UNPAID,IT Services
INV-0405,2025-10-08,VEND-108,Bharat Fuel Services,INV/2025-26/1405,296900.0,INR,2025-11-07,UNPAID,Fuel & Energy
INV-0406,2026-04-04,VEND-102,Metro Logistics Solutions,INV/2025-26/1406,199800.0,INR,2026-05-19,UNPAID,Logistics
INV-0407,2025-10-03,VEND-107,Omniware Systems India,INV/2025-26/1407,429700.0,INR,2025-11-02,UNPAID,Software
INV-0408,2025-12-15,VEND-105,Trident Supply Chain Solutions,INV/2025-26/1408,278600.0,INR,2026-01-14,UNPAID,Supply Chain
INV-0409,2026-05-12,VEND-103,Apex Infraworks India,INV/2025-26/1409,63050.0,INR,2026-06-26,UNPAID,Construction
INV-0410,2026-05-12,VEND-102,Metro Logistics Solutions,INV/2025-26/1410,435150.0,INR,2026-05-27,UNPAID,Logistics
INV-0411,2026-07-20,VEND-106,Kaveri Enterprises Solutions,INV/2025-26/1411,288100.0,INR,2026-08-04,UNPAID,General Operations
INV-0412,2025-11-06,VEND-104,Zephyr Digital Media,INV/2025-26/1412,84700.0,INR,2025-12-06,UNPAID,Marketing
INV-0413,2026-06-28,VEND-104,Zephyr Digital Media,INV/2025-26/1413,142600.0,INR,2026-07-13,UNPAID,Marketing
INV-0414,2026-07-11,VEND-102,Metro Logistics Solutions,INV/2025-26/1414,145600.0,INR,2026-08-10,UNPAID,Logistics
INV-0415,2026-06-16,VEND-108,Bharat Fuel Services,INV/2025-26/1415,462300.0,INR,2026-07-16,UNPAID,Fuel & Energy
INV-0416,2026-07-11,VEND-110,Vanguard Security Services,INV/2025-26/1416,265250.0,INR,2026-08-10,UNPAID,Facility & Security
INV-0417,2025-09-27,VEND-103,Apex Infraworks India,INV/2025-26/1417,360750.0,INR,2025-10-27,UNPAID,Construction
INV-0418,2026-01-11,VEND-108,Bharat Fuel Services,INV/2025-26/1418,248550.0,INR,2026-02-25,UNPAID,Fuel & Energy
INV-0419,2026-05-10,VEND-101,Cloudnova Technologies Pvt Ltd,INV/2025-26/1419,288800.0,INR,2026-05-25,UNPAID,IT Services
INV-0420,2026-04-12,VEND-105,Trident Supply Chain Solutions,INV/2025-26/1420,378750.0,INR,2026-04-27,UNPAID,Supply Chain
INV-0421,2026-01-17,VEND-101,Cloudnova Technologies Pvt Ltd,INV/2025-26/1421,302550.0,INR,2026-02-01,UNPAID,IT Services
INV-0422,2026-05-10,VEND-102,Metro Logistics Solutions,INV/2025-26/1422,487150.0,INR,2026-06-09,UNPAID,Logistics
INV-0423,2026-06-03,VEND-108,Bharat Fuel Services,INV/2025-26/1423,475900.0,INR,2026-07-18,UNPAID,Fuel & Energy
INV-0424,2026-06-12,VEND-101,Cloudnova Technologies Pvt Ltd,INV/2025-26/1424,368900.0,INR,2026-07-27,UNPAID,IT Services
INV-0425,2026-06-29,VEND-104,Zephyr Digital Media,INV/2025-26/1425,263850.0,INR,2026-07-29,UNPAID,Marketing
INV-0426,2025-09-24,VEND-109,Sterling Office Supplies,INV/2025-26/1426,124050.0,INR,2025-10-24,UNPAID,Office Supplies
INV-0427,2025-10-06,VEND-102,Metro Logistics Solutions,INV/2025-26/1427,281800.0,INR,2025-11-20,UNPAID,Logistics
INV-0428,2025-12-28,VEND-103,Apex Infraworks India,INV/2025-26/1428,32550.0,INR,2026-02-11,UNPAID,Construction
INV-0429,2026-05-19,VEND-108,Bharat Fuel Services,INV/2025-26/1429,360450.0,INR,2026-07-03,UNPAID,Fuel & Energy
INV-0430,2026-02-26,VEND-110,Vanguard Security Services,INV/2025-26/1430,130500.0,INR,2026-03-28,UNPAID,Facility & Security
INV-0431,2026-03-21,VEND-105,Trident Supply Chain Solutions,INV/2025-26/1431,317850.0,INR,2026-04-20,UNPAID,Supply Chain
INV-0432,2026-07-13,VEND-110,Vanguard Security Services,INV/2025-26/1432,43350.0,INR,2026-08-27,UNPAID,Facility & Security
INV-0433,2026-02-08,VEND-106,Kaveri Enterprises Solutions,INV/2025-26/1433,54450.0,INR,2026-02-23,UNPAID,General Operations
INV-0434,2026-01-16,VEND-109,Sterling Office Supplies,INV/2025-26/1434,317150.0,INR,2026-02-15,UNPAID,Office Supplies
INV-0435,2026-02-10,VEND-110,Vanguard Security Services,INV/2025-26/1435,123650.0,INR,2026-02-25,UNPAID,Facility & Security
INV-0436,2026-02-19,VEND-110,Vanguard Security Services,INV/2025-26/1436,116350.0,INR,2026-03-21,UNPAID,Facility & Security
INV-0437,2026-06-24,VEND-107,Omniware Systems India,INV/2025-26/1437,106100.0,INR,2026-08-08,UNPAID,Software
INV-0438,2026-06-06,VEND-102,Metro Logistics Solutions,INV/2025-26/1438,254100.0,INR,2026-07-06,UNPAID,Logistics
INV-0439,2026-08-02,VEND-106,Kaveri Enterprises Solutions,INV/2025-26/1439,105150.0,INR,2026-09-16,UNPAID,General Operations
INV-0440,2026-07-20,VEND-109,Sterling Office Supplies,INV/2025-26/1440,77050.0,INR,2026-09-03,UNPAID,Office Supplies
INV-0441,2026-02-25,VEND-107,Omniware Systems India,INV/2025-26/1441,417050.0,INR,2026-03-12,UNPAID,Software
INV-0442,2025-11-24,VEND-106,Kaveri Enterprises Solutions,INV/2025-26/1442,253500.0,INR,2025-12-09,UNPAID,General Operations
INV-0443,2025-11-30,VEND-106,Kaveri Enterprises Solutions,INV/2025-26/1443,398850.0,INR,2025-12-15,UNPAID,General Operations
INV-0444,2025-10-02,VEND-103,Apex Infraworks India,INV/2025-26/1444,127400.0,INR,2025-11-01,UNPAID,Construction
INV-0445,2026-05-27,VEND-102,Metro Logistics Solutions,INV/2025-26/1445,416350.0,INR,2026-07-11,UNPAID,Logistics
INV-0446,2026-07-28,VEND-109,Sterling Office Supplies,INV/2025-26/1446,31400.0,INR,2026-08-27,UNPAID,Office Supplies
INV-0447,2026-06-25,VEND-110,Vanguard Security Services,INV/2025-26/1447,107850.0,INR,2026-07-25,UNPAID,Facility & Security
INV-0448,2025-11-24,VEND-103,Apex Infraworks India,INV/2025-26/1448,133400.0,INR,2026-01-08,UNPAID,Construction
INV-0449,2026-04-05,VEND-110,Vanguard Security Services,INV/2025-26/1449,136100.0,INR,2026-04-20,UNPAID,Facility & Security
INV-0450,2026-08-05,VEND-107,Omniware Systems India,INV/2025-26/1450,298900.0,INR,2026-09-19,UNPAID,Software
INV-0451,2026-07-02,VEND-104,Zephyr Digital Media,INV/2025-26/1451,364350.0,INR,2026-08-01,UNPAID,Marketing
INV-0452,2026-05-24,VEND-108,Bharat Fuel Services,INV/2025-26/1452,192150.0,INR,2026-06-08,UNPAID,Fuel & Energy
INV-0453,2025-12-01,VEND-105,Trident Supply Chain Solutions,INV/2025-26/1453,384700.0,INR,2025-12-31,UNPAID,Supply Chain
INV-0454,2026-04-17,VEND-110,Vanguard Security Services,INV/2025-26/1454,361400.0,INR,2026-05-17,UNPAID,Facility & Security
INV-0455,2026-05-21,VEND-107,Omniware Systems India,INV/2025-26/1455,412450.0,INR,2026-06-20,UNPAID,Software
INV-0456,2026-06-29,VEND-103,Apex Infraworks India,INV/2025-26/1456,164050.0,INR,2026-07-14,UNPAID,Construction
INV-0457,2026-07-18,VEND-105,Trident Supply Chain Solutions,INV/2025-26/1457,43200.0,INR,2026-08-17,UNPAID,Supply Chain
INV-0458,2025-10-15,VEND-106,Kaveri Enterprises Solutions,INV/2025-26/1458,454750.0,INR,2025-11-29,UNPAID,General Operations
INV-0459,2026-01-16,VEND-109,Sterling Office Supplies,INV/2025-26/1459,102600.0,INR,2026-01-31,UNPAID,Office Supplies
INV-0460,2026-04-11,VEND-103,Apex Infraworks India,INV/2025-26/1460,223950.0,INR,2026-05-26,UNPAID,Construction
INV-0461,2025-10-09,VEND-103,Apex Infraworks India,INV/2025-26/1461,358850.0,INR,2025-10-24,UNPAID,Construction
INV-0462,2025-09-06,VEND-108,Bharat Fuel Services,INV/2025-26/1462,286850.0,INR,2025-10-06,UNPAID,Fuel & Energy
INV-0463,2026-05-08,VEND-101,Cloudnova Technologies Pvt Ltd,INV/2025-26/1463,325250.0,INR,2026-06-07,UNPAID,IT Services
INV-0464,2025-10-04,VEND-104,Zephyr Digital Media,INV/2025-26/1464,316800.0,INR,2025-11-03,UNPAID,Marketing
INV-0465,2026-02-03,VEND-104,Zephyr Digital Media,INV/2025-26/1465,23550.0,INR,2026-02-18,UNPAID,Marketing
INV-0466,2025-11-02,VEND-106,Kaveri Enterprises Solutions,INV/2025-26/1466,120100.0,INR,2025-11-17,UNPAID,General Operations
INV-0467,2026-08-15,VEND-105,Trident Supply Chain Solutions,INV/2025-26/1467,387500.0,INR,2026-08-30,UNPAID,Supply Chain
INV-0468,2026-07-05,VEND-108,Bharat Fuel Services,INV/2025-26/1468,367950.0,INR,2026-07-20,UNPAID,Fuel & Energy
INV-0469,2026-01-02,VEND-102,Metro Logistics Solutions,INV/2025-26/1469,16050.0,INR,2026-01-17,UNPAID,Logistics
INV-0470,2026-07-01,VEND-103,Apex Infraworks India,INV/2025-26/1470,450050.0,INR,2026-08-15,UNPAID,Construction
INV-0471,2026-01-18,VEND-107,Omniware Systems India,INV/2025-26/1471,91550.0,INR,2026-02-02,UNPAID,Software
INV-0472,2025-09-17,VEND-105,Trident Supply Chain Solutions,INV/2025-26/1472,100300.0,INR,2025-10-02,UNPAID,Supply Chain
INV-0473,2025-09-25,VEND-107,Omniware Systems India,INV/2025-26/1473,374950.0,INR,2025-10-10,UNPAID,Software
INV-0474,2026-05-25,VEND-108,Bharat Fuel Services,INV/2025-26/1474,489300.0,INR,2026-06-09,UNPAID,Fuel & Energy
INV-0475,2025-12-25,VEND-109,Sterling Office Supplies,INV/2025-26/1475,471550.0,INR,2026-02-08,UNPAID,Office Supplies
INV-0476,2026-03-31,VEND-103,Apex Infraworks India,INV/2025-26/1476,239100.0,INR,2026-04-15,UNPAID,Construction
INV-0477,2025-12-25,VEND-110,Vanguard Security Services,INV/2025-26/1477,289500.0,INR,2026-02-08,UNPAID,Facility & Security
INV-0478,2026-07-30,VEND-107,Omniware Systems India,INV/2025-26/1478,153900.0,INR,2026-09-13,UNPAID,Software
INV-0479,2026-02-24,VEND-102,Metro Logistics Solutions,INV/2025-26/1479,429300.0,INR,2026-03-11,UNPAID,Logistics
INV-0480,2026-05-10,VEND-109,Sterling Office Supplies,INV/2025-26/1480,446200.0,INR,2026-06-24,UNPAID,Office Supplies
INV-0481,2026-03-11,VEND-109,Sterling Office Supplies,INV/2025-26/1481,17150.0,INR,2026-04-10,UNPAID,Office Supplies
INV-0482,2026-03-03,VEND-101,Cloudnova Technologies Pvt Ltd,INV/2025-26/1482,317400.0,INR,2026-04-02,UNPAID,IT Services
INV-0483,2025-09-27,VEND-101,Cloudnova Technologies Pvt Ltd,INV/2025-26/1483,293000.0,INR,2025-10-27,UNPAID,IT Services
INV-0484,2026-06-17,VEND-104,Zephyr Digital Media,INV/2025-26/1484,85400.0,INR,2026-08-01,UNPAID,Marketing
INV-0485,2025-09-15,VEND-106,Kaveri Enterprises Solutions,INV/2025-26/1485,109750.0,INR,2025-10-15,UNPAID,General Operations
INV-0486,2026-07-19,VEND-109,Sterling Office Supplies,INV/2025-26/1486,277800.0,INR,2026-08-03,UNPAID,Office Supplies
INV-0487,2026-07-13,VEND-108,Bharat Fuel Services,INV/2025-26/1487,392500.0,INR,2026-07-28,UNPAID,Fuel & Energy
INV-0488,2026-04-15,VEND-103,Apex Infraworks India,INV/2025-26/1488,52150.0,INR,2026-04-30,UNPAID,Construction
INV-0489,2025-09-15,VEND-105,Trident Supply Chain Solutions,INV/2025-26/1489,165600.0,INR,2025-09-30,UNPAID,Supply Chain
INV-0490,2026-01-29,VEND-101,Cloudnova Technologies Pvt Ltd,INV/2025-26/1490,259000.0,INR,2026-03-15,UNPAID,IT Services
INV-0491,2026-04-23,VEND-107,Omniware Systems India,INV/2025-26/1491,445350.0,INR,2026-05-23,UNPAID,Software
INV-0492,2026-01-17,VEND-101,Cloudnova Technologies Pvt Ltd,INV/2025-26/1492,157050.0,INR,2026-02-16,UNPAID,IT Services
INV-0493,2026-01-10,VEND-101,Cloudnova Technologies Pvt Ltd,INV/2025-26/1493,272400.0,INR,2026-01-25,UNPAID,IT Services
INV-0494,2026-03-16,VEND-106,Kaveri Enterprises Solutions,INV/2025-26/1494,358450.0,INR,2026-04-30,UNPAID,General Operations
INV-0495,2026-02-13,VEND-108,Bharat Fuel Services,INV/2025-26/1495,317200.0,INR,2026-02-28,UNPAID,Fuel & Energy
INV-0496,2026-02-28,VEND-108,Bharat Fuel Services,INV/2025-26/1496,408050.0,INR,2026-04-14,UNPAID,Fuel & Energy
INV-0497,2026-03-29,VEND-105,Trident Supply Chain Solutions,INV/2025-26/1497,68150.0,INR,2026-04-13,UNPAID,Supply Chain
INV-0498,2025-11-24,VEND-107,Omniware Systems India,INV/2025-26/1498,494000.0,INR,2026-01-08,UNPAID,Software
INV-0499,2025-10-15,VEND-105,Trident Supply Chain Solutions,INV/2025-26/1499,263600.0,INR,2025-10-30,UNPAID,Supply Chain
INV-0500,2026-01-27,VEND-106,Kaveri Enterprises Solutions,INV/2025-26/1500,242650.0,INR,2026-02-26,UNPAID,General Operations
